<?xml version="1.0" encoding="UTF-8"?>
<dia:diagram xmlns:dia="http://www.lysator.liu.se/~alla/dia/">
  <dia:diagramdata>
    <dia:attribute name="background">
      <dia:color val="#ffffff"/>
    </dia:attribute>
    <dia:attribute name="pagebreak">
      <dia:color val="#ffffff"/>
    </dia:attribute>
    <dia:attribute name="paper">
      <dia:composite type="paper">
        <dia:attribute name="name">
          <dia:string>#A4#</dia:string>
        </dia:attribute>
        <dia:attribute name="tmargin">
          <dia:real val="2.8222000598907471"/>
        </dia:attribute>
        <dia:attribute name="bmargin">
          <dia:real val="2.8222000598907471"/>
        </dia:attribute>
        <dia:attribute name="lmargin">
          <dia:real val="2.8222000598907471"/>
        </dia:attribute>
        <dia:attribute name="rmargin">
          <dia:real val="2.8222000598907471"/>
        </dia:attribute>
        <dia:attribute name="is_portrait">
          <dia:boolean val="true"/>
        </dia:attribute>
        <dia:attribute name="scaling">
          <dia:real val="1"/>
        </dia:attribute>
        <dia:attribute name="fitto">
          <dia:boolean val="false"/>
        </dia:attribute>
      </dia:composite>
    </dia:attribute>
    <dia:attribute name="grid">
      <dia:composite type="grid">
        <dia:attribute name="width_x">
          <dia:real val="1"/>
        </dia:attribute>
        <dia:attribute name="width_y">
          <dia:real val="1"/>
        </dia:attribute>
        <dia:attribute name="visible_x">
          <dia:int val="1"/>
        </dia:attribute>
        <dia:attribute name="visible_y">
          <dia:int val="1"/>
        </dia:attribute>
        <dia:composite type="color"/>
      </dia:composite>
    </dia:attribute>
    <dia:attribute name="color">
      <dia:color val="#ffffff"/>
    </dia:attribute>
    <dia:attribute name="guides">
      <dia:composite type="guides">
        <dia:attribute name="hguides"/>
        <dia:attribute name="vguides"/>
      </dia:composite>
    </dia:attribute>
  </dia:diagramdata>
  <dia:layer name="Background" visible="true" active="true">
    <dia:object type="UML - Class" version="0" id="O0">
      <dia:attribute name="obj_pos">
        <dia:point val="0.8,1.5"/>
      </dia:attribute>
      <dia:attribute name="obj_bb">
        <dia:rectangle val="0.75,1.45;22.91,8.15"/>
      </dia:attribute>
      <dia:attribute name="elem_corner">
        <dia:point val="0.8,1.5"/>
      </dia:attribute>
      <dia:attribute name="elem_width">
        <dia:real val="22.059999999999999"/>
      </dia:attribute>
      <dia:attribute name="elem_height">
        <dia:real val="6.5999999999999996"/>
      </dia:attribute>
      <dia:attribute name="name">
        <dia:string>#Customer#</dia:string>
      </dia:attribute>
      <dia:attribute name="stereotype">
        <dia:string>##</dia:string>
      </dia:attribute>
      <dia:attribute name="comment">
        <dia:string>##</dia:string>
      </dia:attribute>
      <dia:attribute name="abstract">
        <dia:boolean val="false"/>
      </dia:attribute>
      <dia:attribute name="suppress_attributes">
        <dia:boolean val="false"/>
      </dia:attribute>
      <dia:attribute name="suppress_operations">
        <dia:boolean val="false"/>
      </dia:attribute>
      <dia:attribute name="visible_attributes">
        <dia:boolean val="true"/>
      </dia:attribute>
      <dia:attribute name="visible_operations">
        <dia:boolean val="true"/>
      </dia:attribute>
      <dia:attribute name="visible_comments">
        <dia:boolean val="false"/>
      </dia:attribute>
      <dia:attribute name="wrap_operations">
        <dia:boolean val="true"/>
      </dia:attribute>
      <dia:attribute name="wrap_after_char">
        <dia:int val="40"/>
      </dia:attribute>
      <dia:attribute name="comment_line_length">
        <dia:int val="17"/>
      </dia:attribute>
      <dia:attribute name="comment_tagging">
        <dia:boolean val="false"/>
      </dia:attribute>
      <dia:attribute name="line_width">
        <dia:real val="0.10000000000000001"/>
      </dia:attribute>
      <dia:attribute name="line_color">
        <dia:color val="#000000"/>
      </dia:attribute>
      <dia:attribute name="fill_color">
        <dia:color val="#ffffff"/>
      </dia:attribute>
      <dia:attribute name="text_color">
        <dia:color val="#000000"/>
      </dia:attribute>
      <dia:attribute name="normal_font">
        <dia:font family="monospace" style="0" name="Courier"/>
      </dia:attribute>
      <dia:attribute name="abstract_font">
        <dia:font family="monospace" style="88" name="Courier-BoldOblique"/>
      </dia:attribute>
      <dia:attribute name="polymorphic_font">
        <dia:font family="monospace" style="8" name="Courier-Oblique"/>
      </dia:attribute>
      <dia:attribute name="classname_font">
        <dia:font family="sans" style="80" name="Helvetica-Bold"/>
      </dia:attribute>
      <dia:attribute name="abstract_classname_font">
        <dia:font family="sans" style="88" name="Helvetica-BoldOblique"/>
      </dia:attribute>
      <dia:attribute name="comment_font">
        <dia:font family="sans" style="8" name="Helvetica-Oblique"/>
      </dia:attribute>
      <dia:attribute name="normal_font_height">
        <dia:real val="0.80000000000000004"/>
      </dia:attribute>
      <dia:attribute name="polymorphic_font_height">
        <dia:real val="0.80000000000000004"/>
      </dia:attribute>
      <dia:attribute name="abstract_font_height">
        <dia:real val="0.80000000000000004"/>
      </dia:attribute>
      <dia:attribute name="classname_font_height">
        <dia:real val="1"/>
      </dia:attribute>
      <dia:attribute name="abstract_classname_font_height">
        <dia:real val="1"/>
      </dia:attribute>
      <dia:attribute name="comment_font_height">
        <dia:real val="0.69999999999999996"/>
      </dia:attribute>
      <dia:attribute name="attributes">
        <dia:composite type="umlattribute">
          <dia:attribute name="name">
            <dia:string>#name#</dia:string>
          </dia:attribute>
          <dia:attribute name="type">
            <dia:string>#String#</dia:string>
          </dia:attribute>
          <dia:attribute name="value">
            <dia:string>##</dia:string>
          </dia:attribute>
          <dia:attribute name="comment">
            <dia:string>##</dia:string>
          </dia:attribute>
          <dia:attribute name="visibility">
            <dia:enum val="1"/>
          </dia:attribute>
          <dia:attribute name="abstract">
            <dia:boolean val="false"/>
          </dia:attribute>
          <dia:attribute name="class_scope">
            <dia:boolean val="false"/>
          </dia:attribute>
        </dia:composite>
      </dia:attribute>
      <dia:attribute name="operations">
        <dia:composite type="umloperation">
          <dia:attribute name="name">
            <dia:string>#create#</dia:string>
          </dia:attribute>
          <dia:attribute name="stereotype">
            <dia:string>##</dia:string>
          </dia:attribute>
          <dia:attribute name="type">
            <dia:string>##</dia:string>
          </dia:attribute>
          <dia:attribute name="visibility">
            <dia:enum val="0"/>
          </dia:attribute>
          <dia:attribute name="comment">
            <dia:string>##</dia:string>
          </dia:attribute>
          <dia:attribute name="abstract">
            <dia:boolean val="false"/>
          </dia:attribute>
          <dia:attribute name="inheritance_type">
            <dia:enum val="2"/>
          </dia:attribute>
          <dia:attribute name="query">
            <dia:boolean val="false"/>
          </dia:attribute>
          <dia:attribute name="class_scope">
            <dia:boolean val="false"/>
          </dia:attribute>
          <dia:attribute name="parameters">
            <dia:composite type="umlparameter">
              <dia:attribute name="name">
                <dia:string>#name#</dia:string>
              </dia:attribute>
              <dia:attribute name="type">
                <dia:string>#String#</dia:string>
              </dia:attribute>
              <dia:attribute name="value">
                <dia:string>##</dia:string>
              </dia:attribute>
              <dia:attribute name="comment">
                <dia:string>##</dia:string>
              </dia:attribute>
              <dia:attribute name="kind">
                <dia:enum val="0"/>
              </dia:attribute>
            </dia:composite>
          </dia:attribute>
        </dia:composite>
        <dia:composite type="umloperation">
          <dia:attribute name="name">
            <dia:string>#book#</dia:string>
          </dia:attribute>
          <dia:attribute name="stereotype">
            <dia:string>##</dia:string>
          </dia:attribute>
          <dia:attribute name="type">
            <dia:string>#boolean#</dia:string>
          </dia:attribute>
          <dia:attribute name="visibility">
            <dia:enum val="0"/>
          </dia:attribute>
          <dia:attribute name="comment">
            <dia:string>##</dia:string>
          </dia:attribute>
          <dia:attribute name="abstract">
            <dia:boolean val="false"/>
          </dia:attribute>
          <dia:attribute name="inheritance_type">
            <dia:enum val="2"/>
          </dia:attribute>
          <dia:attribute name="query">
            <dia:boolean val="false"/>
          </dia:attribute>
          <dia:attribute name="class_scope">
            <dia:boolean val="false"/>
          </dia:attribute>
          <dia:attribute name="parameters">
            <dia:composite type="umlparameter">
              <dia:attribute name="name">
                <dia:string>#start#</dia:string>
              </dia:attribute>
              <dia:attribute name="type">
                <dia:string>#Date#</dia:string>
              </dia:attribute>
              <dia:attribute name="value">
                <dia:string>##</dia:string>
              </dia:attribute>
              <dia:attribute name="comment">
                <dia:string>##</dia:string>
              </dia:attribute>
              <dia:attribute name="kind">
                <dia:enum val="0"/>
              </dia:attribute>
            </dia:composite>
            <dia:composite type="umlparameter">
              <dia:attribute name="name">
                <dia:string>#end#</dia:string>
              </dia:attribute>
              <dia:attribute name="type">
                <dia:string>#Date#</dia:string>
              </dia:attribute>
              <dia:attribute name="value">
                <dia:string>##</dia:string>
              </dia:attribute>
              <dia:attribute name="comment">
                <dia:string>##</dia:string>
              </dia:attribute>
              <dia:attribute name="kind">
                <dia:enum val="0"/>
              </dia:attribute>
            </dia:composite>
            <dia:composite type="umlparameter">
              <dia:attribute name="name">
                <dia:string>#carCategory#</dia:string>
              </dia:attribute>
              <dia:attribute name="type">
                <dia:string>#Category#</dia:string>
              </dia:attribute>
              <dia:attribute name="value">
                <dia:string>##</dia:string>
              </dia:attribute>
              <dia:attribute name="comment">
                <dia:string>##</dia:string>
              </dia:attribute>
              <dia:attribute name="kind">
                <dia:enum val="0"/>
              </dia:attribute>
            </dia:composite>
          </dia:attribute>
        </dia:composite>
        <dia:composite type="umloperation">
          <dia:attribute name="name">
            <dia:string>#cancel#</dia:string>
          </dia:attribute>
          <dia:attribute name="stereotype">
            <dia:string>##</dia:string>
          </dia:attribute>
          <dia:attribute name="type">
            <dia:string>#boolean#</dia:string>
          </dia:attribute>
          <dia:attribute name="visibility">
            <dia:enum val="0"/>
          </dia:attribute>
          <dia:attribute name="comment">
            <dia:string>##</dia:string>
          </dia:attribute>
          <dia:attribute name="abstract">
            <dia:boolean val="false"/>
          </dia:attribute>
          <dia:attribute name="inheritance_type">
            <dia:enum val="2"/>
          </dia:attribute>
          <dia:attribute name="query">
            <dia:boolean val="false"/>
          </dia:attribute>
          <dia:attribute name="class_scope">
            <dia:boolean val="false"/>
          </dia:attribute>
          <dia:attribute name="parameters">
            <dia:composite type="umlparameter">
              <dia:attribute name="name">
                <dia:string>#booking#</dia:string>
              </dia:attribute>
              <dia:attribute name="type">
                <dia:string>#Booking#</dia:string>
              </dia:attribute>
              <dia:attribute name="value">
                <dia:string>##</dia:string>
              </dia:attribute>
              <dia:attribute name="comment">
                <dia:string>##</dia:string>
              </dia:attribute>
              <dia:attribute name="kind">
                <dia:enum val="0"/>
              </dia:attribute>
            </dia:composite>
          </dia:attribute>
        </dia:composite>
        <dia:composite type="umloperation">
          <dia:attribute name="name">
            <dia:string>#pickup#</dia:string>
          </dia:attribute>
          <dia:attribute name="stereotype">
            <dia:string>##</dia:string>
          </dia:attribute>
          <dia:attribute name="type">
            <dia:string>#Car#</dia:string>
          </dia:attribute>
          <dia:attribute name="visibility">
            <dia:enum val="0"/>
          </dia:attribute>
          <dia:attribute name="comment">
            <dia:string>##</dia:string>
          </dia:attribute>
          <dia:attribute name="abstract">
            <dia:boolean val="false"/>
          </dia:attribute>
          <dia:attribute name="inheritance_type">
            <dia:enum val="2"/>
          </dia:attribute>
          <dia:attribute name="query">
            <dia:boolean val="false"/>
          </dia:attribute>
          <dia:attribute name="class_scope">
            <dia:boolean val="false"/>
          </dia:attribute>
          <dia:attribute name="parameters">
            <dia:composite type="umlparameter">
              <dia:attribute name="name">
                <dia:string>#booking#</dia:string>
              </dia:attribute>
              <dia:attribute name="type">
                <dia:string>#Booking#</dia:string>
              </dia:attribute>
              <dia:attribute name="value">
                <dia:string>##</dia:string>
              </dia:attribute>
              <dia:attribute name="comment">
                <dia:string>##</dia:string>
              </dia:attribute>
              <dia:attribute name="kind">
                <dia:enum val="0"/>
              </dia:attribute>
            </dia:composite>
          </dia:attribute>
        </dia:composite>
        <dia:composite type="umloperation">
          <dia:attribute name="name">
            <dia:string>#return#</dia:string>
          </dia:attribute>
          <dia:attribute name="stereotype">
            <dia:string>##</dia:string>
          </dia:attribute>
          <dia:attribute name="type">
            <dia:string>#void#</dia:string>
          </dia:attribute>
          <dia:attribute name="visibility">
            <dia:enum val="0"/>
          </dia:attribute>
          <dia:attribute name="comment">
            <dia:string>##</dia:string>
          </dia:attribute>
          <dia:attribute name="abstract">
            <dia:boolean val="false"/>
          </dia:attribute>
          <dia:attribute name="inheritance_type">
            <dia:enum val="2"/>
          </dia:attribute>
          <dia:attribute name="query">
            <dia:boolean val="false"/>
          </dia:attribute>
          <dia:attribute name="class_scope">
            <dia:boolean val="false"/>
          </dia:attribute>
          <dia:attribute name="parameters">
            <dia:composite type="umlparameter">
              <dia:attribute name="name">
                <dia:string>#car#</dia:string>
              </dia:attribute>
              <dia:attribute name="type">
                <dia:string>#Car#</dia:string>
              </dia:attribute>
              <dia:attribute name="value">
                <dia:string>##</dia:string>
              </dia:attribute>
              <dia:attribute name="comment">
                <dia:string>##</dia:string>
              </dia:attribute>
              <dia:attribute name="kind">
                <dia:enum val="0"/>
              </dia:attribute>
            </dia:composite>
          </dia:attribute>
        </dia:composite>
      </dia:attribute>
      <dia:attribute name="template">
        <dia:boolean val="false"/>
      </dia:attribute>
      <dia:attribute name="templates"/>
    </dia:object>
    <dia:object type="UML - Class" version="0" id="O1">
      <dia:attribute name="obj_pos">
        <dia:point val="29,3.85"/>
      </dia:attribute>
      <dia:attribute name="obj_bb">
        <dia:rectangle val="28.95,3.8;36.48,8.7"/>
      </dia:attribute>
      <dia:attribute name="elem_corner">
        <dia:point val="29,3.85"/>
      </dia:attribute>
      <dia:attribute name="elem_width">
        <dia:real val="7.4299999999999997"/>
      </dia:attribute>
      <dia:attribute name="elem_height">
        <dia:real val="4.8000000000000007"/>
      </dia:attribute>
      <dia:attribute name="name">
        <dia:string>#Category#</dia:string>
      </dia:attribute>
      <dia:attribute name="stereotype">
        <dia:string>#enum#</dia:string>
      </dia:attribute>
      <dia:attribute name="comment">
        <dia:string>##</dia:string>
      </dia:attribute>
      <dia:attribute name="abstract">
        <dia:boolean val="false"/>
      </dia:attribute>
      <dia:attribute name="suppress_attributes">
        <dia:boolean val="false"/>
      </dia:attribute>
      <dia:attribute name="suppress_operations">
        <dia:boolean val="false"/>
      </dia:attribute>
      <dia:attribute name="visible_attributes">
        <dia:boolean val="true"/>
      </dia:attribute>
      <dia:attribute name="visible_operations">
        <dia:boolean val="false"/>
      </dia:attribute>
      <dia:attribute name="visible_comments">
        <dia:boolean val="false"/>
      </dia:attribute>
      <dia:attribute name="wrap_operations">
        <dia:boolean val="false"/>
      </dia:attribute>
      <dia:attribute name="wrap_after_char">
        <dia:int val="40"/>
      </dia:attribute>
      <dia:attribute name="comment_line_length">
        <dia:int val="17"/>
      </dia:attribute>
      <dia:attribute name="comment_tagging">
        <dia:boolean val="false"/>
      </dia:attribute>
      <dia:attribute name="line_width">
        <dia:real val="0.10000000000000001"/>
      </dia:attribute>
      <dia:attribute name="line_color">
        <dia:color val="#000000"/>
      </dia:attribute>
      <dia:attribute name="fill_color">
        <dia:color val="#ffffff"/>
      </dia:attribute>
      <dia:attribute name="text_color">
        <dia:color val="#000000"/>
      </dia:attribute>
      <dia:attribute name="normal_font">
        <dia:font family="monospace" style="0" name="Courier"/>
      </dia:attribute>
      <dia:attribute name="abstract_font">
        <dia:font family="monospace" style="88" name="Courier-BoldOblique"/>
      </dia:attribute>
      <dia:attribute name="polymorphic_font">
        <dia:font family="monospace" style="8" name="Courier-Oblique"/>
      </dia:attribute>
      <dia:attribute name="classname_font">
        <dia:font family="sans" style="80" name="Helvetica-Bold"/>
      </dia:attribute>
      <dia:attribute name="abstract_classname_font">
        <dia:font family="sans" style="88" name="Helvetica-BoldOblique"/>
      </dia:attribute>
      <dia:attribute name="comment_font">
        <dia:font family="sans" style="8" name="Helvetica-Oblique"/>
      </dia:attribute>
      <dia:attribute name="normal_font_height">
        <dia:real val="0.80000000000000004"/>
      </dia:attribute>
      <dia:attribute name="polymorphic_font_height">
        <dia:real val="0.80000000000000004"/>
      </dia:attribute>
      <dia:attribute name="abstract_font_height">
        <dia:real val="0.80000000000000004"/>
      </dia:attribute>
      <dia:attribute name="classname_font_height">
        <dia:real val="1"/>
      </dia:attribute>
      <dia:attribute name="abstract_classname_font_height">
        <dia:real val="1"/>
      </dia:attribute>
      <dia:attribute name="comment_font_height">
        <dia:real val="0.69999999999999996"/>
      </dia:attribute>
      <dia:attribute name="attributes">
        <dia:composite type="umlattribute">
          <dia:attribute name="name">
            <dia:string>#Economy#</dia:string>
          </dia:attribute>
          <dia:attribute name="type">
            <dia:string>#int#</dia:string>
          </dia:attribute>
          <dia:attribute name="value">
            <dia:string>#1#</dia:string>
          </dia:attribute>
          <dia:attribute name="comment">
            <dia:string>##</dia:string>
          </dia:attribute>
          <dia:attribute name="visibility">
            <dia:enum val="0"/>
          </dia:attribute>
          <dia:attribute name="abstract">
            <dia:boolean val="false"/>
          </dia:attribute>
          <dia:attribute name="class_scope">
            <dia:boolean val="false"/>
          </dia:attribute>
        </dia:composite>
        <dia:composite type="umlattribute">
          <dia:attribute name="name">
            <dia:string>#Standard#</dia:string>
          </dia:attribute>
          <dia:attribute name="type">
            <dia:string>#int#</dia:string>
          </dia:attribute>
          <dia:attribute name="value">
            <dia:string>#2#</dia:string>
          </dia:attribute>
          <dia:attribute name="comment">
            <dia:string>##</dia:string>
          </dia:attribute>
          <dia:attribute name="visibility">
            <dia:enum val="0"/>
          </dia:attribute>
          <dia:attribute name="abstract">
            <dia:boolean val="false"/>
          </dia:attribute>
          <dia:attribute name="class_scope">
            <dia:boolean val="false"/>
          </dia:attribute>
        </dia:composite>
        <dia:composite type="umlattribute">
          <dia:attribute name="name">
            <dia:string>#Luxury#</dia:string>
          </dia:attribute>
          <dia:attribute name="type">
            <dia:string>#int#</dia:string>
          </dia:attribute>
          <dia:attribute name="value">
            <dia:string>#3#</dia:string>
          </dia:attribute>
          <dia:attribute name="comment">
            <dia:string>##</dia:string>
          </dia:attribute>
          <dia:attribute name="visibility">
            <dia:enum val="0"/>
          </dia:attribute>
          <dia:attribute name="abstract">
            <dia:boolean val="false"/>
          </dia:attribute>
          <dia:attribute name="class_scope">
            <dia:boolean val="false"/>
          </dia:attribute>
        </dia:composite>
      </dia:attribute>
      <dia:attribute name="operations"/>
      <dia:attribute name="template">
        <dia:boolean val="false"/>
      </dia:attribute>
      <dia:attribute name="templates"/>
    </dia:object>
    <dia:object type="UML - Class" version="0" id="O2">
      <dia:attribute name="obj_pos">
        <dia:point val="7.1,14.75"/>
      </dia:attribute>
      <dia:attribute name="obj_bb">
        <dia:rectangle val="7.05,14.7;25.36,24.6"/>
      </dia:attribute>
      <dia:attribute name="elem_corner">
        <dia:point val="7.1,14.75"/>
      </dia:attribute>
      <dia:attribute name="elem_width">
        <dia:real val="18.210000000000001"/>
      </dia:attribute>
      <dia:attribute name="elem_height">
        <dia:real val="9.8000000000000007"/>
      </dia:attribute>
      <dia:attribute name="name">
        <dia:string>#Booking#</dia:string>
      </dia:attribute>
      <dia:attribute name="stereotype">
        <dia:string>##</dia:string>
      </dia:attribute>
      <dia:attribute name="comment">
        <dia:string>##</dia:string>
      </dia:attribute>
      <dia:attribute name="abstract">
        <dia:boolean val="false"/>
      </dia:attribute>
      <dia:attribute name="suppress_attributes">
        <dia:boolean val="false"/>
      </dia:attribute>
      <dia:attribute name="suppress_operations">
        <dia:boolean val="false"/>
      </dia:attribute>
      <dia:attribute name="visible_attributes">
        <dia:boolean val="true"/>
      </dia:attribute>
      <dia:attribute name="visible_operations">
        <dia:boolean val="true"/>
      </dia:attribute>
      <dia:attribute name="visible_comments">
        <dia:boolean val="false"/>
      </dia:attribute>
      <dia:attribute name="wrap_operations">
        <dia:boolean val="true"/>
      </dia:attribute>
      <dia:attribute name="wrap_after_char">
        <dia:int val="40"/>
      </dia:attribute>
      <dia:attribute name="comment_line_length">
        <dia:int val="17"/>
      </dia:attribute>
      <dia:attribute name="comment_tagging">
        <dia:boolean val="false"/>
      </dia:attribute>
      <dia:attribute name="line_width">
        <dia:real val="0.10000000000000001"/>
      </dia:attribute>
      <dia:attribute name="line_color">
        <dia:color val="#000000"/>
      </dia:attribute>
      <dia:attribute name="fill_color">
        <dia:color val="#ffffff"/>
      </dia:attribute>
      <dia:attribute name="text_color">
        <dia:color val="#000000"/>
      </dia:attribute>
      <dia:attribute name="normal_font">
        <dia:font family="monospace" style="0" name="Courier"/>
      </dia:attribute>
      <dia:attribute name="abstract_font">
        <dia:font family="monospace" style="88" name="Courier-BoldOblique"/>
      </dia:attribute>
      <dia:attribute name="polymorphic_font">
        <dia:font family="monospace" style="8" name="Courier-Oblique"/>
      </dia:attribute>
      <dia:attribute name="classname_font">
        <dia:font family="sans" style="80" name="Helvetica-Bold"/>
      </dia:attribute>
      <dia:attribute name="abstract_classname_font">
        <dia:font family="sans" style="88" name="Helvetica-BoldOblique"/>
      </dia:attribute>
      <dia:attribute name="comment_font">
        <dia:font family="sans" style="8" name="Helvetica-Oblique"/>
      </dia:attribute>
      <dia:attribute name="normal_font_height">
        <dia:real val="0.80000000000000004"/>
      </dia:attribute>
      <dia:attribute name="polymorphic_font_height">
        <dia:real val="0.80000000000000004"/>
      </dia:attribute>
      <dia:attribute name="abstract_font_height">
        <dia:real val="0.80000000000000004"/>
      </dia:attribute>
      <dia:attribute name="classname_font_height">
        <dia:real val="1"/>
      </dia:attribute>
      <dia:attribute name="abstract_classname_font_height">
        <dia:real val="1"/>
      </dia:attribute>
      <dia:attribute name="comment_font_height">
        <dia:real val="0.69999999999999996"/>
      </dia:attribute>
      <dia:attribute name="attributes">
        <dia:composite type="umlattribute">
          <dia:attribute name="name">
            <dia:string>#start#</dia:string>
          </dia:attribute>
          <dia:attribute name="type">
            <dia:string>#Date#</dia:string>
          </dia:attribute>
          <dia:attribute name="value">
            <dia:string>##</dia:string>
          </dia:attribute>
          <dia:attribute name="comment">
            <dia:string>##</dia:string>
          </dia:attribute>
          <dia:attribute name="visibility">
            <dia:enum val="2"/>
          </dia:attribute>
          <dia:attribute name="abstract">
            <dia:boolean val="false"/>
          </dia:attribute>
          <dia:attribute name="class_scope">
            <dia:boolean val="false"/>
          </dia:attribute>
        </dia:composite>
        <dia:composite type="umlattribute">
          <dia:attribute name="name">
            <dia:string>#end#</dia:string>
          </dia:attribute>
          <dia:attribute name="type">
            <dia:string>#Date#</dia:string>
          </dia:attribute>
          <dia:attribute name="value">
            <dia:string>##</dia:string>
          </dia:attribute>
          <dia:attribute name="comment">
            <dia:string>##</dia:string>
          </dia:attribute>
          <dia:attribute name="visibility">
            <dia:enum val="2"/>
          </dia:attribute>
          <dia:attribute name="abstract">
            <dia:boolean val="false"/>
          </dia:attribute>
          <dia:attribute name="class_scope">
            <dia:boolean val="false"/>
          </dia:attribute>
        </dia:composite>
        <dia:composite type="umlattribute">
          <dia:attribute name="name">
            <dia:string>#category#</dia:string>
          </dia:attribute>
          <dia:attribute name="type">
            <dia:string>#Category#</dia:string>
          </dia:attribute>
          <dia:attribute name="value">
            <dia:string>##</dia:string>
          </dia:attribute>
          <dia:attribute name="comment">
            <dia:string>##</dia:string>
          </dia:attribute>
          <dia:attribute name="visibility">
            <dia:enum val="2"/>
          </dia:attribute>
          <dia:attribute name="abstract">
            <dia:boolean val="false"/>
          </dia:attribute>
          <dia:attribute name="class_scope">
            <dia:boolean val="false"/>
          </dia:attribute>
        </dia:composite>
        <dia:composite type="umlattribute">
          <dia:attribute name="name">
            <dia:string>#pickedUp#</dia:string>
          </dia:attribute>
          <dia:attribute name="type">
            <dia:string>#boolean#</dia:string>
          </dia:attribute>
          <dia:attribute name="value">
            <dia:string>##</dia:string>
          </dia:attribute>
          <dia:attribute name="comment">
            <dia:string>##</dia:string>
          </dia:attribute>
          <dia:attribute name="visibility">
            <dia:enum val="2"/>
          </dia:attribute>
          <dia:attribute name="abstract">
            <dia:boolean val="false"/>
          </dia:attribute>
          <dia:attribute name="class_scope">
            <dia:boolean val="false"/>
          </dia:attribute>
        </dia:composite>
        <dia:composite type="umlattribute">
          <dia:attribute name="name">
            <dia:string>#return#</dia:string>
          </dia:attribute>
          <dia:attribute name="type">
            <dia:string>#Date#</dia:string>
          </dia:attribute>
          <dia:attribute name="value">
            <dia:string>##</dia:string>
          </dia:attribute>
          <dia:attribute name="comment">
            <dia:string>##</dia:string>
          </dia:attribute>
          <dia:attribute name="visibility">
            <dia:enum val="2"/>
          </dia:attribute>
          <dia:attribute name="abstract">
            <dia:boolean val="false"/>
          </dia:attribute>
          <dia:attribute name="class_scope">
            <dia:boolean val="false"/>
          </dia:attribute>
        </dia:composite>
      </dia:attribute>
      <dia:attribute name="operations">
        <dia:composite type="umloperation">
          <dia:attribute name="name">
            <dia:string>#create#</dia:string>
          </dia:attribute>
          <dia:attribute name="stereotype">
            <dia:string>##</dia:string>
          </dia:attribute>
          <dia:attribute name="type">
            <dia:string>#Booking#</dia:string>
          </dia:attribute>
          <dia:attribute name="visibility">
            <dia:enum val="0"/>
          </dia:attribute>
          <dia:attribute name="comment">
            <dia:string>##</dia:string>
          </dia:attribute>
          <dia:attribute name="abstract">
            <dia:boolean val="false"/>
          </dia:attribute>
          <dia:attribute name="inheritance_type">
            <dia:enum val="2"/>
          </dia:attribute>
          <dia:attribute name="query">
            <dia:boolean val="false"/>
          </dia:attribute>
          <dia:attribute name="class_scope">
            <dia:boolean val="false"/>
          </dia:attribute>
          <dia:attribute name="parameters">
            <dia:composite type="umlparameter">
              <dia:attribute name="name">
                <dia:string>#customer#</dia:string>
              </dia:attribute>
              <dia:attribute name="type">
                <dia:string>#Customer#</dia:string>
              </dia:attribute>
              <dia:attribute name="value">
                <dia:string>##</dia:string>
              </dia:attribute>
              <dia:attribute name="comment">
                <dia:string>##</dia:string>
              </dia:attribute>
              <dia:attribute name="kind">
                <dia:enum val="0"/>
              </dia:attribute>
            </dia:composite>
            <dia:composite type="umlparameter">
              <dia:attribute name="name">
                <dia:string>#begin#</dia:string>
              </dia:attribute>
              <dia:attribute name="type">
                <dia:string>#Date#</dia:string>
              </dia:attribute>
              <dia:attribute name="value">
                <dia:string>##</dia:string>
              </dia:attribute>
              <dia:attribute name="comment">
                <dia:string>##</dia:string>
              </dia:attribute>
              <dia:attribute name="kind">
                <dia:enum val="0"/>
              </dia:attribute>
            </dia:composite>
            <dia:composite type="umlparameter">
              <dia:attribute name="name">
                <dia:string>#end#</dia:string>
              </dia:attribute>
              <dia:attribute name="type">
                <dia:string>#Date#</dia:string>
              </dia:attribute>
              <dia:attribute name="value">
                <dia:string>##</dia:string>
              </dia:attribute>
              <dia:attribute name="comment">
                <dia:string>##</dia:string>
              </dia:attribute>
              <dia:attribute name="kind">
                <dia:enum val="0"/>
              </dia:attribute>
            </dia:composite>
            <dia:composite type="umlparameter">
              <dia:attribute name="name">
                <dia:string>#carCategory#</dia:string>
              </dia:attribute>
              <dia:attribute name="type">
                <dia:string>#Category#</dia:string>
              </dia:attribute>
              <dia:attribute name="value">
                <dia:string>##</dia:string>
              </dia:attribute>
              <dia:attribute name="comment">
                <dia:string>##</dia:string>
              </dia:attribute>
              <dia:attribute name="kind">
                <dia:enum val="0"/>
              </dia:attribute>
            </dia:composite>
          </dia:attribute>
        </dia:composite>
        <dia:composite type="umloperation">
          <dia:attribute name="name">
            <dia:string>#searchAvailableCar#</dia:string>
          </dia:attribute>
          <dia:attribute name="stereotype">
            <dia:string>##</dia:string>
          </dia:attribute>
          <dia:attribute name="type">
            <dia:string>#Car#</dia:string>
          </dia:attribute>
          <dia:attribute name="visibility">
            <dia:enum val="0"/>
          </dia:attribute>
          <dia:attribute name="comment">
            <dia:string>##</dia:string>
          </dia:attribute>
          <dia:attribute name="abstract">
            <dia:boolean val="false"/>
          </dia:attribute>
          <dia:attribute name="inheritance_type">
            <dia:enum val="2"/>
          </dia:attribute>
          <dia:attribute name="query">
            <dia:boolean val="false"/>
          </dia:attribute>
          <dia:attribute name="class_scope">
            <dia:boolean val="false"/>
          </dia:attribute>
          <dia:attribute name="parameters"/>
        </dia:composite>
        <dia:composite type="umloperation">
          <dia:attribute name="name">
            <dia:string>#assignCar#</dia:string>
          </dia:attribute>
          <dia:attribute name="stereotype">
            <dia:string>##</dia:string>
          </dia:attribute>
          <dia:attribute name="type">
            <dia:string>##</dia:string>
          </dia:attribute>
          <dia:attribute name="visibility">
            <dia:enum val="0"/>
          </dia:attribute>
          <dia:attribute name="comment">
            <dia:string>##</dia:string>
          </dia:attribute>
          <dia:attribute name="abstract">
            <dia:boolean val="false"/>
          </dia:attribute>
          <dia:attribute name="inheritance_type">
            <dia:enum val="2"/>
          </dia:attribute>
          <dia:attribute name="query">
            <dia:boolean val="false"/>
          </dia:attribute>
          <dia:attribute name="class_scope">
            <dia:boolean val="false"/>
          </dia:attribute>
          <dia:attribute name="parameters">
            <dia:composite type="umlparameter">
              <dia:attribute name="name">
                <dia:string>#car#</dia:string>
              </dia:attribute>
              <dia:attribute name="type">
                <dia:string>#Car#</dia:string>
              </dia:attribute>
              <dia:attribute name="value">
                <dia:string>##</dia:string>
              </dia:attribute>
              <dia:attribute name="comment">
                <dia:string>##</dia:string>
              </dia:attribute>
              <dia:attribute name="kind">
                <dia:enum val="0"/>
              </dia:attribute>
            </dia:composite>
          </dia:attribute>
        </dia:composite>
        <dia:composite type="umloperation">
          <dia:attribute name="name">
            <dia:string>#returnCar#</dia:string>
          </dia:attribute>
          <dia:attribute name="stereotype">
            <dia:string>##</dia:string>
          </dia:attribute>
          <dia:attribute name="type">
            <dia:string>#void#</dia:string>
          </dia:attribute>
          <dia:attribute name="visibility">
            <dia:enum val="0"/>
          </dia:attribute>
          <dia:attribute name="comment">
            <dia:string>##</dia:string>
          </dia:attribute>
          <dia:attribute name="abstract">
            <dia:boolean val="false"/>
          </dia:attribute>
          <dia:attribute name="inheritance_type">
            <dia:enum val="2"/>
          </dia:attribute>
          <dia:attribute name="query">
            <dia:boolean val="false"/>
          </dia:attribute>
          <dia:attribute name="class_scope">
            <dia:boolean val="false"/>
          </dia:attribute>
          <dia:attribute name="parameters"/>
        </dia:composite>
      </dia:attribute>
      <dia:attribute name="template">
        <dia:boolean val="false"/>
      </dia:attribute>
      <dia:attribute name="templates"/>
    </dia:object>
    <dia:object type="UML - Class" version="0" id="O3">
      <dia:attribute name="obj_pos">
        <dia:point val="31.8,11.6"/>
      </dia:attribute>
      <dia:attribute name="obj_bb">
        <dia:rectangle val="31.75,11.55;50.06,15.85"/>
      </dia:attribute>
      <dia:attribute name="elem_corner">
        <dia:point val="31.8,11.6"/>
      </dia:attribute>
      <dia:attribute name="elem_width">
        <dia:real val="18.210000000000001"/>
      </dia:attribute>
      <dia:attribute name="elem_height">
        <dia:real val="4.2000000000000002"/>
      </dia:attribute>
      <dia:attribute name="name">
        <dia:string>#Car#</dia:string>
      </dia:attribute>
      <dia:attribute name="stereotype">
        <dia:string>##</dia:string>
      </dia:attribute>
      <dia:attribute name="comment">
        <dia:string>##</dia:string>
      </dia:attribute>
      <dia:attribute name="abstract">
        <dia:boolean val="false"/>
      </dia:attribute>
      <dia:attribute name="suppress_attributes">
        <dia:boolean val="false"/>
      </dia:attribute>
      <dia:attribute name="suppress_operations">
        <dia:boolean val="false"/>
      </dia:attribute>
      <dia:attribute name="visible_attributes">
        <dia:boolean val="true"/>
      </dia:attribute>
      <dia:attribute name="visible_operations">
        <dia:boolean val="true"/>
      </dia:attribute>
      <dia:attribute name="visible_comments">
        <dia:boolean val="false"/>
      </dia:attribute>
      <dia:attribute name="wrap_operations">
        <dia:boolean val="true"/>
      </dia:attribute>
      <dia:attribute name="wrap_after_char">
        <dia:int val="40"/>
      </dia:attribute>
      <dia:attribute name="comment_line_length">
        <dia:int val="17"/>
      </dia:attribute>
      <dia:attribute name="comment_tagging">
        <dia:boolean val="false"/>
      </dia:attribute>
      <dia:attribute name="line_width">
        <dia:real val="0.10000000000000001"/>
      </dia:attribute>
      <dia:attribute name="line_color">
        <dia:color val="#000000"/>
      </dia:attribute>
      <dia:attribute name="fill_color">
        <dia:color val="#ffffff"/>
      </dia:attribute>
      <dia:attribute name="text_color">
        <dia:color val="#000000"/>
      </dia:attribute>
      <dia:attribute name="normal_font">
        <dia:font family="monospace" style="0" name="Courier"/>
      </dia:attribute>
      <dia:attribute name="abstract_font">
        <dia:font family="monospace" style="88" name="Courier-BoldOblique"/>
      </dia:attribute>
      <dia:attribute name="polymorphic_font">
        <dia:font family="monospace" style="8" name="Courier-Oblique"/>
      </dia:attribute>
      <dia:attribute name="classname_font">
        <dia:font family="sans" style="80" name="Helvetica-Bold"/>
      </dia:attribute>
      <dia:attribute name="abstract_classname_font">
        <dia:font family="sans" style="88" name="Helvetica-BoldOblique"/>
      </dia:attribute>
      <dia:attribute name="comment_font">
        <dia:font family="sans" style="8" name="Helvetica-Oblique"/>
      </dia:attribute>
      <dia:attribute name="normal_font_height">
        <dia:real val="0.80000000000000004"/>
      </dia:attribute>
      <dia:attribute name="polymorphic_font_height">
        <dia:real val="0.80000000000000004"/>
      </dia:attribute>
      <dia:attribute name="abstract_font_height">
        <dia:real val="0.80000000000000004"/>
      </dia:attribute>
      <dia:attribute name="classname_font_height">
        <dia:real val="1"/>
      </dia:attribute>
      <dia:attribute name="abstract_classname_font_height">
        <dia:real val="1"/>
      </dia:attribute>
      <dia:attribute name="comment_font_height">
        <dia:real val="0.69999999999999996"/>
      </dia:attribute>
      <dia:attribute name="attributes">
        <dia:composite type="umlattribute">
          <dia:attribute name="name">
            <dia:string>#category#</dia:string>
          </dia:attribute>
          <dia:attribute name="type">
            <dia:string>#Category#</dia:string>
          </dia:attribute>
          <dia:attribute name="value">
            <dia:string>##</dia:string>
          </dia:attribute>
          <dia:attribute name="comment">
            <dia:string>##</dia:string>
          </dia:attribute>
          <dia:attribute name="visibility">
            <dia:enum val="1"/>
          </dia:attribute>
          <dia:attribute name="abstract">
            <dia:boolean val="false"/>
          </dia:attribute>
          <dia:attribute name="class_scope">
            <dia:boolean val="false"/>
          </dia:attribute>
        </dia:composite>
        <dia:composite type="umlattribute">
          <dia:attribute name="name">
            <dia:string>#licenseNo#</dia:string>
          </dia:attribute>
          <dia:attribute name="type">
            <dia:string>#String#</dia:string>
          </dia:attribute>
          <dia:attribute name="value">
            <dia:string>##</dia:string>
          </dia:attribute>
          <dia:attribute name="comment">
            <dia:string>##</dia:string>
          </dia:attribute>
          <dia:attribute name="visibility">
            <dia:enum val="1"/>
          </dia:attribute>
          <dia:attribute name="abstract">
            <dia:boolean val="false"/>
          </dia:attribute>
          <dia:attribute name="class_scope">
            <dia:boolean val="false"/>
          </dia:attribute>
        </dia:composite>
      </dia:attribute>
      <dia:attribute name="operations">
        <dia:composite type="umloperation">
          <dia:attribute name="name">
            <dia:string>#create#</dia:string>
          </dia:attribute>
          <dia:attribute name="stereotype">
            <dia:string>##</dia:string>
          </dia:attribute>
          <dia:attribute name="type">
            <dia:string>#Car#</dia:string>
          </dia:attribute>
          <dia:attribute name="visibility">
            <dia:enum val="0"/>
          </dia:attribute>
          <dia:attribute name="comment">
            <dia:string>##</dia:string>
          </dia:attribute>
          <dia:attribute name="abstract">
            <dia:boolean val="false"/>
          </dia:attribute>
          <dia:attribute name="inheritance_type">
            <dia:enum val="2"/>
          </dia:attribute>
          <dia:attribute name="query">
            <dia:boolean val="false"/>
          </dia:attribute>
          <dia:attribute name="class_scope">
            <dia:boolean val="false"/>
          </dia:attribute>
          <dia:attribute name="parameters">
            <dia:composite type="umlparameter">
              <dia:attribute name="name">
                <dia:string>#license#</dia:string>
              </dia:attribute>
              <dia:attribute name="type">
                <dia:string>#String#</dia:string>
              </dia:attribute>
              <dia:attribute name="value">
                <dia:string>##</dia:string>
              </dia:attribute>
              <dia:attribute name="comment">
                <dia:string>##</dia:string>
              </dia:attribute>
              <dia:attribute name="kind">
                <dia:enum val="0"/>
              </dia:attribute>
            </dia:composite>
            <dia:composite type="umlparameter">
              <dia:attribute name="name">
                <dia:string>#category#</dia:string>
              </dia:attribute>
              <dia:attribute name="type">
                <dia:string>#Category#</dia:string>
              </dia:attribute>
              <dia:attribute name="value">
                <dia:string>##</dia:string>
              </dia:attribute>
              <dia:attribute name="comment">
                <dia:string>##</dia:string>
              </dia:attribute>
              <dia:attribute name="kind">
                <dia:enum val="0"/>
              </dia:attribute>
            </dia:composite>
          </dia:attribute>
        </dia:composite>
      </dia:attribute>
      <dia:attribute name="template">
        <dia:boolean val="false"/>
      </dia:attribute>
      <dia:attribute name="templates"/>
    </dia:object>
    <dia:object type="UML - Association" version="2" id="O4">
      <dia:attribute name="name">
        <dia:string>#reservation#</dia:string>
      </dia:attribute>
      <dia:attribute name="direction">
        <dia:enum val="1"/>
      </dia:attribute>
      <dia:attribute name="show_direction">
        <dia:boolean val="true"/>
      </dia:attribute>
      <dia:attribute name="assoc_type">
        <dia:enum val="0"/>
      </dia:attribute>
      <dia:attribute name="role_a">
        <dia:string>##</dia:string>
      </dia:attribute>
      <dia:attribute name="multipicity_a">
        <dia:string>#1#</dia:string>
      </dia:attribute>
      <dia:attribute name="visibility_a">
        <dia:enum val="3"/>
      </dia:attribute>
      <dia:attribute name="show_arrow_a">
        <dia:boolean val="false"/>
      </dia:attribute>
      <dia:attribute name="role_b">
        <dia:string>##</dia:string>
      </dia:attribute>
      <dia:attribute name="multipicity_b">
        <dia:string>#0..n#</dia:string>
      </dia:attribute>
      <dia:attribute name="visibility_b">
        <dia:enum val="3"/>
      </dia:attribute>
      <dia:attribute name="show_arrow_b">
        <dia:boolean val="false"/>
      </dia:attribute>
      <dia:attribute name="obj_pos">
        <dia:point val="11.6,8.2"/>
      </dia:attribute>
      <dia:attribute name="obj_bb">
        <dia:rectangle val="11.55,8.15;17.945,15.4997"/>
      </dia:attribute>
      <dia:attribute name="meta">
        <dia:composite type="dict"/>
      </dia:attribute>
      <dia:attribute name="orth_points">
        <dia:point val="11.6,8.2"/>
        <dia:point val="11.6,11.4498"/>
        <dia:point val="16.205,11.4498"/>
        <dia:point val="16.205,14.6997"/>
      </dia:attribute>
      <dia:attribute name="orth_orient">
        <dia:enum val="1"/>
        <dia:enum val="0"/>
        <dia:enum val="1"/>
      </dia:attribute>
      <dia:attribute name="orth_autoroute">
        <dia:boolean val="true"/>
      </dia:attribute>
      <dia:attribute name="text_colour">
        <dia:color val="#000000"/>
      </dia:attribute>
      <dia:attribute name="line_colour">
        <dia:color val="#000000"/>
      </dia:attribute>
      <dia:connections>
        <dia:connection handle="1" to="O2" connection="26"/>
      </dia:connections>
    </dia:object>
    <dia:object type="UML - Association" version="2" id="O5">
      <dia:attribute name="name">
        <dia:string>#assignment#</dia:string>
      </dia:attribute>
      <dia:attribute name="direction">
        <dia:enum val="1"/>
      </dia:attribute>
      <dia:attribute name="show_direction">
        <dia:boolean val="true"/>
      </dia:attribute>
      <dia:attribute name="assoc_type">
        <dia:enum val="0"/>
      </dia:attribute>
      <dia:attribute name="role_a">
        <dia:string>##</dia:string>
      </dia:attribute>
      <dia:attribute name="multipicity_a">
        <dia:string>#0..1#</dia:string>
      </dia:attribute>
      <dia:attribute name="visibility_a">
        <dia:enum val="3"/>
      </dia:attribute>
      <dia:attribute name="show_arrow_a">
        <dia:boolean val="false"/>
      </dia:attribute>
      <dia:attribute name="role_b">
        <dia:string>##</dia:string>
      </dia:attribute>
      <dia:attribute name="multipicity_b">
        <dia:string>#0..1#</dia:string>
      </dia:attribute>
      <dia:attribute name="visibility_b">
        <dia:enum val="3"/>
      </dia:attribute>
      <dia:attribute name="show_arrow_b">
        <dia:boolean val="false"/>
      </dia:attribute>
      <dia:attribute name="obj_pos">
        <dia:point val="31.7497,13.7"/>
      </dia:attribute>
      <dia:attribute name="obj_bb">
        <dia:rectangle val="25.3103,12.95;33.005,20.5"/>
      </dia:attribute>
      <dia:attribute name="meta">
        <dia:composite type="dict"/>
      </dia:attribute>
      <dia:attribute name="orth_points">
        <dia:point val="31.7497,13.7"/>
        <dia:point val="28.555,13.7"/>
        <dia:point val="28.555,19.65"/>
        <dia:point val="25.3603,19.65"/>
      </dia:attribute>
      <dia:attribute name="orth_orient">
        <dia:enum val="0"/>
        <dia:enum val="1"/>
        <dia:enum val="0"/>
      </dia:attribute>
      <dia:attribute name="orth_autoroute">
        <dia:boolean val="true"/>
      </dia:attribute>
      <dia:attribute name="text_colour">
        <dia:color val="#000000"/>
      </dia:attribute>
      <dia:attribute name="line_colour">
        <dia:color val="#000000"/>
      </dia:attribute>
      <dia:connections>
        <dia:connection handle="0" to="O3" connection="14"/>
        <dia:connection handle="1" to="O2" connection="26"/>
      </dia:connections>
    </dia:object>
  </dia:layer>
</dia:diagram>
