<?xml version="1.0" encoding="UTF-8"?>
<!-- 
   $Id: MENU.XML,v 1.35 2010/12/25 05:16:17 rudahl Exp $
   $Log: MENU.XML,v $
  
-->
<!-- 

To remove a menu item from the default version, add an attribute such 
as versionSelector="professional".

To leave a menu item in, but disable it for a specific version, 
add both the versionSelector
attribute and an attribute bEnabled="false">

-->

<UI>
  <menuButtonSpec id="mH/CONTEXT" type="execute" command="H/CONTEXT" 
          attachID="rCONTEXT" prefMnemonic="U" callback="UserManualCallback"
          bKeepContext="true">
    <label>
      <xlateText id="%h8100.1" tag="label" remind="User Manual"/>
    </label>
    <toolTip>
      <xlateText id="%h8110.1" tag="toolTip" remind="Show user manual"/>
    </toolTip>
    <help>
      <xlateText id="%h8130.0" tag="paragraph" remind="User manual"/>
    </help>
  </menuButtonSpec>
<!--
  <menuButtonSpec id="mH/PROGRAM" type="execute" command="H/PROGRAM" 
                  prefMnemonic="P" callback="AboutCallback"
		  bKeepContext="true">
    <label>
      <xlateText id="%h8100.0" tag="label" remind="PROGRAM"/>
    </label>
    <toolTip>
      <xlateText id="%h8110.0" tag="toolTip" remind="Show contact info"/>
    </toolTip>
    <help>
      <xlateText id="%h8120.0" tag="paragraph" remind="Copyright GRS"/>
    </help>
  </menuButtonSpec>
-->
  <menuButtonSpec id="mH/README" type="execute" command="H/README"
		  attachID="rREADME" prefMnemonic="R" callback="ReadMeCallback">
    <label>
      <xlateText id="%h8100.2" tag="label" remind="README"/>
    </label>
    <toolTip>
      <xlateText id="%h8110.2" tag="toolTip" remind="Show README file"/>
    </toolTip>
    <help>
      <xlateText id="%h8110.2" tag="paragraph" remind="Show README file with
      information about the latest release"/>
    </help>
  </menuButtonSpec>
  <menuSpec id="mH" type="dropdown">
    <menuButton id="mH/CONTEXT"/>
 <!--   <menuButton id="mH/PROGRAM"/> -->
    <menuButton id="mH/README"/>
  </menuSpec>

  <menuButtonSpec id="mG/GCP" type="execute" command="G/GCP" attachID="rGCP"
            prefMnemonic="G">
    <label>
      <xlateText id="%h4505.0.0" tag="label" remind="GCP"/>
    </label>
    <toolTip>
      <xlateText id="%h4505.1.0" tag="toolTip" remind="Ground control po"/>
    </toolTip>
    <help>
      <xlateText id="%h4505.2.0" tag="paragraph"
          remind="Choose and save matching"/>
    </help>
  </menuButtonSpec>
  <menuButtonSpec id="mG/CAL" type="execute" command="G/CAL" attachID="rCAL"
      prefMnemonic="C" >
    <label>
      <xlateText id="%h4505.0.1" tag="label" remind="CAL"/>
    </label>
    <toolTip>
      <xlateText id="%h4505.1.1" tag="toolTip" remind="Calculate registr"/>
    </toolTip>
    <help>
      <xlateText id="%h4505.3.0" tag="paragraph"
          remind="Calculate registration coefficients "/>
    </help>
  </menuButtonSpec>
  <menuButtonSpec id="mG/REG" type="execute" command="G/REG" attachID="rREG"
      prefMnemonic="R" >
    <label>
      <xlateText id="%h4505.0.2" tag="label" remind="REG"/>
    </label>
    <toolTip>
      <xlateText id="%h4505.1.2" tag="toolTip" remind="Register image"/>
    </toolTip>
    <help>
      <xlateText id="%h4505.4.0" tag="paragraph"
          remind="Register an image"/>
    </help>
  </menuButtonSpec>
  <menuButtonSpec id="mG/VEC" type="execute" command="G/VEC" attachID="rVEC"
     prefMnemonic="V" >
    <label>
      <xlateText id="%h4505.0.3" tag="label" remind="VEC"/>
    </label>
    <toolTip>
      <xlateText id="%h4505.1.3" tag="toolTip" remind="Create vector ove"/>
    </toolTip>
    <help>
      <xlateText id="%h4505.5.0" tag="paragraph"
          remind="Define lines and polygons "/>
    </help>
  </menuButtonSpec>
  <menuButtonSpec id="mG/MEA" type="execute" command="G/MEA" attachID="rMEA"
     prefMnemonic="M" >
    <label>
      <xlateText id="%h4505.0.4" tag="label" remind="MEA"/>
    </label>
    <toolTip>
      <xlateText id="%h4505.1.4" tag="toolTip" remind="Measure lengths a"/>
    </toolTip>
    <help>
      <xlateText id="%h4505.6.0" tag="paragraph"
          remind="Measure profiles, histo"/>
    </help>
  </menuButtonSpec>
  <menuButtonSpec id="mG/COO" type="execute" command="G/COO" attachID="rCOO"
     prefMnemonic="K" >
    <label>
      <xlateText id="%h4505.0.5" tag="label" remind="COO"/>
    </label>
    <toolTip>
      <xlateText id="%h4505.1.5" tag="toolTip" remind="Cookie cutter sub"/>
    </toolTip>
    <help>
      <xlateText id="%h4505.7.0" tag="paragraph"
          remind="Set area outside irregular poly"/>
    </help>
  </menuButtonSpec>

  <menuSpec id="mGEO" type="dropdown">
    <menuButton id="mG/GCP"/>
    <menuButton id="mG/CAL"/>
    <menuButton id="mG/REG" bKeepNonCurrent="true"
        versionSelector="professional,academic,developer"/>
  </menuSpec>

  <menuButtonSpec id="mG/GEO" type="submenu" command="G/GEO" attachID="mGEO"
     prefMnemonic="G" >
    <label>
      <xlateText id="%h4500.0.3" tag="label" remind="GEO"/>
    </label>
    <toolTip>
      <xlateText id="%h4500.5.0" tag="toolTip" remind="Register images"/>
    </toolTip>
    <help>
      <xlateText id="%h4500.5.0" tag="paragraph"
          remind="Geometrically transform images"/>
    </help>
  </menuButtonSpec>

  <menuSpec id="mPOL" type="dropdown">
    <menuButton id="mG/VEC"/>
    <menuButton id="mG/MEA"/>
    <menuButton id="mG/COO"/>
  </menuSpec>

  <menuButtonSpec id="mG/POL" type="submenu" command="G/POL" attachID="mPOL"
     prefMnemonic="G" >
    <label>
      <xlateText id="%m7310" tag="label" remind="POL"/>
    </label>
    <toolTip>
      <xlateText id="%t7310" tag="toolTip" remind="Create and use vector features"/>
    </toolTip>
    <help>
      <xlateText id="%t7310" tag="toolTip" remind="Create and use vector features"/>
    </help>
  </menuButtonSpec>

  <menuButtonSpec id="mG/SLO" type="execute" command="G/SLO" attachID="rSLO"
     prefMnemonic="S" >
    <label>
      <xlateText id="%m6940" tag="label" remind="SLO"/>
    </label>
    <toolTip>
      <xlateText id="%t6940" tag="toolTip" remind="Slope calculation"/>
    </toolTip>
    <help>
      <xlateText id="%q6940" tag="paragraph"
          remind="Calculate slopes based on an elevation layer"/>
    </help>
  </menuButtonSpec>

  <menuButtonSpec id="mG/ASP" type="execute" command="G/ASP" attachID="rASP"
     prefMnemonic="A" >
    <label>
      <xlateText id="%m6941" tag="label" remind="ASP"/>
    </label>
    <toolTip>
      <xlateText id="%t6941" tag="toolTip" remind="Aspect calculation"/>
    </toolTip>
    <help>
      <xlateText id="%q6941" tag="paragraph"
          remind="Calculate direction that slopes face  based on an elevation layer"/>
    </help>
  </menuButtonSpec>

  <menuButtonSpec id="mG/BUF" type="execute" command="G/BUF" attachID="rBUF"
     prefMnemonic="B" >
    <label>
      <xlateText id="%m6910" tag="label" remind="BUF"/>
    </label>
    <toolTip>
      <xlateText id="%t6910" tag="toolTip" remind="Buffer calculation"/>
    </toolTip>
    <help>
      <xlateText id="%q6910" tag="paragraph"
          remind="Calculate area within a certain distance of target cells"/>
    </help>
  </menuButtonSpec>

  <menuButtonSpec id="mG/COM" type="execute" command="G/COM" attachID="rCOMB"
     prefMnemonic="C" >
    <label>
      <xlateText id="%m7400" tag="label" remind="COM"/>
    </label>
    <toolTip>
      <xlateText id="%t7400" tag="toolTip" remind="Combine layers"/>
    </toolTip>
    <help>
      <xlateText id="%q7400" tag="paragraph"
          remind="Combine layers using rules"/>
    </help>
  </menuButtonSpec>

  <menuButtonSpec id="mG/RULE" type="execute" command="G/RULE" attachID="rRULE"
     prefMnemonic="R" >
    <label>
      <xlateText id="%m7500" tag="label" remind="RULE"/>
    </label>
    <toolTip>
      <xlateText id="%t7500" tag="toolTip" remind="Create rules for combining layers"/>
    </toolTip>
    <help>
      <xlateText id="%q7500" tag="paragraph"
          remind="Create rules to combine layers"/>
    </help>
  </menuButtonSpec>

  <menuSpec id="mRAS" type="dropdown">
    <menuButton id="mG/SLO"/>
    <menuButton id="mG/ASP"/>
    <menuButton id="mG/BUF"/>
    <menuButton id="mG/COM"/>
    <menuButton id="mG/RULE"/>
  </menuSpec>


  <menuButtonSpec id="mG/RAS" type="submenu" command="G/RAS" attachID="mRAS"
     prefMnemonic="G" >
    <label>
      <xlateText id="%m7320" tag="label" remind="RAS"/>
    </label>
    <toolTip>
      <xlateText id="%t7320" tag="toolTip" remind="Analyze raster layers"/>
    </toolTip>
    <help>
      <xlateText id="%q7320" tag="toolTip" remind="Analyze and combine raster layers"/>
    </help>
  </menuButtonSpec>

  <menuSpec id="mG" type="dropdown">
    <menuButton id="mG/GEO"/>
    <menuButton id="mG/POL"/>
    <menuButton id="mG/RAS"/>
  </menuSpec>


  <menuButtonSpec id="mD/ANN/ADD" type="execute" command="D/ANN/ADD" 
    attachID="rADD" prefMnemonic="A" >
    <label>
      <xlateText id="%h2B0.0.0" tag="label" remind="ADD"/>
    </label>
    <toolTip>
      <xlateText id="%h2B0.1.0" tag="toolTip" remind="Add text to image"/>
    </toolTip>
    <help>
      <xlateText id="%h2B0.2.0" tag="paragraph"
          remind="Place a new label or tit"/>
    </help>
  </menuButtonSpec>

 <!--
  <menuButtonSpec id="mD/ANN/REP" type="execute" command="D/ANN/REP" 
       attachID="rREP" prefMnemonic="R" >
    <label>
      <xlateText id="%h2B0.0.1" tag="label" remind="REP"/>
    </label>
    <toolTip>
      <xlateText id="%h2B0.1.1" tag="toolTip" remind="Replace last text"/>
    </toolTip>
    <help>
      <xlateText id="%h2B0.3.0" tag="paragraph"
          remind="Display new text at the "/>
    </help>
  </menuButtonSpec>
-->

  <menuButtonSpec id="mD/ANN/ERA" type="execute" command="D/ANN/ERA" 
         attachID="rERA" prefMnemonic="E" >
    <label>
      <xlateText id="%h2B0.0.2" tag="label" remind="ERA"/>
    </label>
    <toolTip>
      <xlateText id="%h2B0.1.2" tag="toolTip" remind="Erase last text d"/>
    </toolTip>
    <help>
      <xlateText id="%h2B0.4.0" tag="paragraph"
          remind="Display current image wi"/>
    </help>
  </menuButtonSpec>

<!--
  <menuButtonSpec id="mD/ANN/CLE" type="execute" callback="NoPanelCallback" 
      attachID="rCLE" prefMnemonic="C" >
    <label>
      <xlateText id="%h2B0.0.3" tag="label" remind="CLE"/>
    </label>
    <toolTip>
      <xlateText id="%h2B0.1.3" tag="toolTip" remind="Clear all text"/>
    </toolTip>
    <help>
      <xlateText id="%h2B0.5.0" tag="paragraph"
          remind="Display current image wi"/>
    </help>
  </menuButtonSpec>
-->
  <menuButtonSpec id="mD/ANN/LEG" type="execute" command="D/ANN/LEG" 
       attachID="rLEG" prefMnemonic="L" >
    <label>
      <xlateText id="%h2B0.0.4" tag="label" remind="LEG"/>
    </label>
    <toolTip>
      <xlateText id="%h2B0.1.4" tag="toolTip" remind="Display classifie"/>
    </toolTip>
    <help>
      <xlateText id="%h2B0.6.0" tag="paragraph"
          remind="Display key showing corr"/>
    </help>
  </menuButtonSpec>
  <menuSpec id="mD/ANN" type="dropdown">
    <menuButton id="mD/ANN/ADD"/>
<!--
    <menuButton id="mD/ANN/REP"/>
-->
    <menuButton id="mD/ANN/LEG"/>
    <menuButton id="mD/ANN/ERA"/>
  </menuSpec>
  <menuButtonSpec id="mD/1BA" type="execute" command="D/1BA" 
         attachID="r1BA" prefMnemonic="1" >
    <label>
      <xlateText id="%h15600.0.0" tag="label" remind="1BA"/>
    </label>
    <toolTip>
      <xlateText id="%h15600.1.0" tag="toolTip" remind="1 band image colo"/>
    </toolTip>
    <help>
      <xlateText id="%h15600.2.0" tag="paragraph"
          remind="Assign different colors "/>
    </help>
  </menuButtonSpec>
  <menuButtonSpec id="mD/3BA" type="execute" command="D/3BA" 
      attachID="r3BA" prefMnemonic="3" >
    <label>
      <xlateText id="%h15600.0.1" tag="label" remind="3BA"/>
    </label>
    <toolTip>
      <xlateText id="%h15600.1.1" tag="toolTip" remind="3 band composite "/>
    </toolTip>
    <help>
      <xlateText id="%h15600.3.0" tag="paragraph"
          remind="Assign different bands t"/>
    </help>
  </menuButtonSpec>
  <menuButtonSpec id="mD/GRA" type="execute" command="D/GRA" attachID="rGRA"
        prefMnemonic="G" >
    <label>
      <xlateText id="%h15600.0.2" tag="label" remind="GRA"/>
    </label>
    <toolTip>
      <xlateText id="%h15600.1.2" tag="toolTip" remind="Gray scale image "/>
    </toolTip>
    <help>
      <xlateText id="%h15600.4.0" tag="paragraph"
          remind="Assign different gray sh"/>
    </help>
  </menuButtonSpec>
  <menuButtonSpec id="mD/OVE" type="execute" command="D/OVE" attachID="rOVE"
     prefMnemonic="O" >
    <label>
      <xlateText id="%h15600.0.3" tag="label" remind="OVE"/>
    </label>
    <toolTip>
      <xlateText id="%h15600.1.3" tag="toolTip" remind="Overlay image on "/>
    </toolTip>
    <help>
      <xlateText id="%h15600.5.0" tag="paragraph"
          remind="Previous image visible w"/>
    </help>
  </menuButtonSpec>
  <menuButtonSpec id="mD/ANN" type="submenu" command="D/ANN" attachID="mD/ANN"
     prefMnemonic="A" >
    <label>
      <xlateText id="%h15600.0.4" tag="label" remind="ANN"/>
    </label>
    <toolTip>
      <xlateText id="%h15600.1.4" tag="toolTip" remind="Annotate images"/>
    </toolTip>
    <help>
      <xlateText id="%h15600.6.0" tag="paragraph"
          remind="Add descriptive text and"/>
    </help>
  </menuButtonSpec>
  <menuSpec id="mD" type="dropdown">
    <menuButton id="mD/1BA"/>
    <menuButton id="mD/3BA"/>
    <menuButton id="mD/GRA"/>
    <menuButton id="mD/OVE"/>
    <menuButton id="mD/ANN"/>
  </menuSpec>
  <menuButtonSpec id="mE/SUM" type="execute" command="E/SUM" attachID="rSUM"
     prefMnemonic="S" >
    <label>
      <xlateText id="%h2C.0.0" tag="label" remind="SUM"/>
    </label>
    <toolTip>
      <xlateText id="%h2C.1.0" tag="toolTip" remind="Sum two image ban"/>
    </toolTip>
    <help>
      <xlateText id="%h2C.2.0" tag="paragraph"
          remind="Show sum of correspondin"/>
    </help>
  </menuButtonSpec>
  <menuButtonSpec id="mE/DIF" type="execute" command="E/DIF" attachID="rDIF"
     prefMnemonic="D" >
    <label>
      <xlateText id="%h2C.0.1" tag="label" remind="DIF"/>
    </label>
    <toolTip>
      <xlateText id="%h2C.1.1" tag="toolTip" remind="Difference of two"/>
    </toolTip>
    <help>
      <xlateText id="%h2C.3.0" tag="paragraph"
          remind="Show result of subtracti"/>
    </help>
  </menuButtonSpec>
  <menuButtonSpec id="mE/SYM" type="execute" command="E/SYM" attachID="rSYM"
     prefMnemonic="Y" >
    <label>
      <xlateText id="%h2C.0.2" tag="label" remind="SYM"/>
    </label>
    <toolTip>
      <xlateText id="%h2C.1.2" tag="toolTip" remind="Symmetric differe"/>
    </toolTip>
    <help>
      <xlateText id="%h2C.4.0" tag="paragraph"
          remind="Show absolute value of d"/>
    </help>
  </menuButtonSpec>
  <menuButtonSpec id="mE/RAT" type="execute" command="E/RAT" attachID="rRAT"
    prefMnemonic="R" >
    <label>
      <xlateText id="%h2C.0.3" tag="label" remind="RAT"/>
    </label>
    <toolTip>
      <xlateText id="%h2C.1.3" tag="toolTip" remind="Ratio of image ba"/>
    </toolTip>
    <help>
      <xlateText id="%h2C.5.0" tag="paragraph"
          remind="Show result of dividing "/>
    </help>
  </menuButtonSpec>
  <menuButtonSpec id="mE/VEG" type="execute" command="E/VEG" attachID="rVEG"
     prefMnemonic="V" >
    <label>
      <xlateText id="%h2C.0.4" tag="label" remind="VEG"/>
    </label>
    <toolTip>
      <xlateText id="%h2C.1.4" tag="toolTip" remind="Vegetation ratio "/>
    </toolTip>
    <help>
      <xlateText id="%h2C.6.0" tag="paragraph"
          remind="Show normalized ratio: ("/>
      <xlateText id="%h2C.6.1" tag="listItem"
          remind="formula"/>
    </help>
  </menuButtonSpec>
  <menuButtonSpec id="mE/GVI" type="execute" command="E/GVI" attachID="rGVI"
     prefMnemonic="G" >
    <label>
      <xlateText id="%h2C.0.5" tag="label" remind="GVI"/>
    </label>
    <toolTip>
      <xlateText id="%h2C.1.5" tag="toolTip" remind="Global vegetation"/>
    </toolTip>
    <help>
      <xlateText id="%h2C.7.0" tag="paragraph"
          remind="Show scaled vegetation i"/>
    </help>
  </menuButtonSpec>
  <menuButtonSpec id="mE/MAS" type="execute" command="E/MAS" attachID="rMAS"
    prefMnemonic="M" >
    <label>
      <xlateText id="%h2C.0.6" tag="label" remind="MAS"/>
    </label>
    <toolTip>
      <xlateText id="%h2C.1.6" tag="toolTip" remind="Mask one image wi"/>
    </toolTip>
    <help>
      <xlateText id="%h2C.8.0" tag="paragraph"
          remind="Set target pixels to zer"/>
    </help>
  </menuButtonSpec>
  <menuButtonSpec id="mE/FIL" type="execute" command="E/FIL" attachID="rFIL"
    prefMnemonic="F" >
    <label>
      <xlateText id="%h2C.0.7" tag="label" remind="FIL"/>
    </label>
    <toolTip>
      <xlateText id="%h2C.1.7" tag="toolTip" remind="Filtering applied"/>
    </toolTip>
    <help>
      <xlateText id="%h2C.9.0" tag="paragraph"
          remind="Smooth, edge-enhance, or"/>
    </help>
  </menuButtonSpec>
  <menuButtonSpec id="mE/REL" type="execute" command="E/REL" attachID="rREL"
     prefMnemonic="E" >
    <label>
      <xlateText id="%h2C.0.8" tag="label" remind="REL"/>
    </label>
    <toolTip>
      <xlateText id="%h2C.1.8" tag="toolTip" remind="Relaxation applie"/>
    </toolTip>
    <help>
      <xlateText id="%h2C.10.0" tag="paragraph"
          remind="Revise pixel values that"/>
    </help>
  </menuButtonSpec>


  <menuButtonSpec id="mE/TRA/PCA" type="execute" command="E/TRA/PCA" attachID="rPCA"
     prefMnemonic="P" >
    <label>
      <xlateText id="%m4910" tag="label" remind="PCA"/>
    </label>
    <toolTip>
      <xlateText id="%t4911" tag="toolTip" remind="Principal components"/>
    </toolTip>
    <help>
      <xlateText id="%q4911" tag="paragraph"
          remind="Transform images via PCA"/>
    </help>
  </menuButtonSpec>
  <menuButtonSpec id="mE/TRA/FUS" type="execute" command="E/TRA/FUS" attachID="rTBD"
     prefMnemonic="F" >
    <label>
      <xlateText id="%m7200" tag="label" remind="FUS"/>
    </label>
    <toolTip>
      <xlateText id="%t7200" tag="toolTip" remind="Fuse multiple images"/>
    </toolTip>
    <help>
      <xlateText id="%q7200" tag="paragraph"
          remind="Combine images to enhance information"/>
    </help>
  </menuButtonSpec>


  <menuSpec id="mE/TRA" type="dropdown">
    <menuButton id="mE/TRA/PCA"/>
<!--    <menuButton id="mE/TRA/FUS"/> -->
  </menuSpec>

  <menuButtonSpec id="mE/TRA" type="submenu" command="E/TRA" 
     attachID="mE/TRA" prefMnemonic="T" >
    <label>
      <xlateText id="%m4900" tag="label" remind="TRA"/>
    </label>
    <toolTip>
      <xlateText id="%t4900" tag="toolTip" remind="Do transforms"/>
    </toolTip>
    <help>
      <xlateText id="%q4900" tag="paragraph"
          remind="Modify or combine images to improve their information content."/>
    </help>
  </menuButtonSpec>

  <menuSpec id="mE" type="dropdown">
    <menuButton id="mE/SUM"/>
    <menuButton id="mE/DIF"/>
    <menuButton id="mE/SYM"/>
    <menuButton id="mE/RAT"/>
    <menuButton id="mE/VEG"/>
    <menuButton id="mE/GVI"/>
    <menuButton id="mE/MAS"/>
    <menuButton id="mE/FIL"/>
    <menuButton id="mE/REL"/>
    <menuButton id="mE/TRA" bKeepNonCurrent="true"
        versionSelector="professional,academic,developer"/>
  </menuSpec>
  <menuButtonSpec id="mU/LIS" type="execute" command="U/LIS" attachID="rLIS"
     prefMnemonic="L" >
    <label>
      <xlateText id="%h2D0.0.0" tag="label" remind="LIS"/>
    </label>
    <toolTip>
      <xlateText id="%h2D0.1.0" tag="toolTip" remind="List header infor"/>
    </toolTip>
    <help>
      <xlateText id="%h2D0.2.0" tag="paragraph"
          remind="Show historical and stat"/>
    </help>
  </menuButtonSpec>
  <menuButtonSpec id="mU/HEA" type="execute" command="U/HEA" attachID="rHEA"
    prefMnemonic="H" >
    <label>
      <xlateText id="%h2D0.0.1" tag="label" remind="HEA"/>
    </label>
    <toolTip>
      <xlateText id="%h2D0.1.1" tag="toolTip" remind="Edit header infor"/>
    </toolTip>
    <help>
      <xlateText id="%h2D0.3.0" tag="paragraph"
          remind="Modify image history inf"/>
    </help>
  </menuButtonSpec>
  <menuButtonSpec id="mU/CUR" type="execute" command="U/CUR" attachID="rCUR"
    prefMnemonic="C" >
    <label>
      <xlateText id="%h2D0.0.2" tag="label" remind="CUR"/>
    </label>
    <toolTip>
      <xlateText id="%h2D0.1.2" tag="toolTip" remind="Display cursor co"/>
    </toolTip>
    <help>
      <xlateText id="%h2D0.4.0" tag="paragraph"
          remind="Show image coordinates o"/>
    </help>
  </menuButtonSpec>
  <menuButtonSpec id="mU/HIS" type="execute" command="U/HIS" attachID="rHIS"
    prefMnemonic="I" >
    <label>
      <xlateText id="%h2D0.0.3" tag="label" remind="HIS"/>
    </label>
    <toolTip>
      <xlateText id="%h2D0.1.3" tag="toolTip" remind="Histogram of imag"/>
    </toolTip>
    <help>
      <xlateText id="%h2D0.5.0" tag="paragraph"
          remind="Display frequency graph "/>
    </help>
  </menuButtonSpec>
  <menuButtonSpec id="mU/SCA" type="execute" command="U/SCA" attachID="rSCA"
    prefMnemonic="S" >
    <label>
      <xlateText id="%h2D0.0.4" tag="label" remind="SCA"/>
    </label>
    <toolTip>
      <xlateText id="%h2D0.1.4" tag="toolTip" remind="Scatterplot of im"/>
    </toolTip>
    <help>
      <xlateText id="%h2D0.6.0" tag="paragraph"
          remind="Plot frequency of value "/>
    </help>
  </menuButtonSpec>
  <menuButtonSpec id="mU/COL" type="execute" command="U/COL" attachID="rCOL"
    prefMnemonic="O" >
    <label>
      <xlateText id="%h2D0.0.5" tag="label" remind="COL"/>
    </label>
    <toolTip>
      <xlateText id="%h2D0.1.5" tag="toolTip" remind="Create new color "/>
    </toolTip>
    <help>
      <xlateText id="%h2D0.7.0" tag="paragraph"
          remind="Define new association b"/>
    </help>
  </menuButtonSpec>

  <menuSpec id="mU" type="dropdown">
    <menuButton id="mU/LIS"/>
    <menuButton id="mU/HEA"  bKeepNonCurrent="true"
        versionSelector="professional,academic,developer"/>
    <menuButton id="mU/CUR"  bKeepNonCurrent="true"
        versionSelector="professional,academic,demo,developer"/>
    <menuButton id="mU/HIS"/>
    <menuButton id="mU/SCA"/>
    <menuButton id="mU/COL" bKeepNonCurrent="true"
        versionSelector="professional,academic,demo,developer"/>
  </menuSpec>
<!--
  <menuButtonSpec id="mF/DAT/DEL" type="execute" command="F/DAT/DEL" attachID="rDEL">
    <label>
      <xlateText id="%h4504.0.0" tag="label" remind="DEL"/>
    </label>
    <toolTip>
      <xlateText id="%h4504.1.0" tag="toolTip" remind="Delete a file"/>
    </toolTip>
    <help>
      <xlateText id="%h4504.2.0" tag="paragraph"
          remind="Eliminate a file from th"/>
    </help>
  </menuButtonSpec>
  <menuButtonSpec id="mF/DAT/REN" type="execute" command="F/DAT/REN" attachID="rREN">
    <label>
      <xlateText id="%h4504.0.1" tag="label" remind="REN"/>
    </label>
    <toolTip>
      <xlateText id="%h4504.1.1" tag="toolTip" remind="Rename a file"/>
    </toolTip>
    <help>
      <xlateText id="%h4504.3.0" tag="paragraph"
          remind="Change the name of an ex"/>
    </help>
  </menuButtonSpec>
  <menuButtonSpec id="mF/DAT/COP" type="execute" command="F/DAT/COP" attachID="rCOP">
    <label>
      <xlateText id="%h4504.0.2" tag="label" remind="COP"/>
    </label>
    <toolTip>
      <xlateText id="%h4504.1.2" tag="toolTip" remind="Copy a file"/>
    </toolTip>
    <help>
      <xlateText id="%h4504.4.0" tag="paragraph"
          remind="Create new file with the"/>
    </help>
  </menuButtonSpec>
  <menuSpec id="mF/DAT" type="dropdown">
    <menuButton id="mF/DAT/DEL"/>
    <menuButton id="mF/DAT/REN"/>
    <menuButton id="mF/DAT/COP"/>
  </menuSpec>
-->
<!--
  <menuButtonSpec id="mF/SPT/RUN" type="execute" callback="ExecScriptCallback"
   attachID="rSPT_RUN" prefMnemonic="R" >
    <label>
      <xlateText id="%h4503.0.0" tag="label" remind="RUN"/>
    </label>
    <toolTip>
      <xlateText id="%h4503.1.0" tag="toolTip" remind="Run a script"/>
    </toolTip>
    <help>
      <xlateText id="%h4503.2.0" tag="paragraph"
          remind="Run a script"/>
    </help>
  </menuButtonSpec>
  <menuButtonSpec id="mF/SPT/LOG" type="check" callback="LoggingCallback" 
    attachID="rSPT_LOG" prefMnemonic="L" >
    <label>
      <xlateText id="%h4503.0.1" tag="label" remind="LOG"/>
    </label>
    <toolTip>
      <xlateText id="%h4503.1.1" tag="toolTip" remind="Enable/Disable command logging"/>
    </toolTip>
    <help>
      <xlateText id="%h4503.3.0" tag="paragraph"
          remind="Turn command log"/>
    </help>
  </menuButtonSpec>
  <menuButtonSpec id="mF/SPT/ECHO" type="check" callback="EchoCallback" 
        attachID="rSPT_ECHO" prefMnemonic="E" >
    <label>
      <xlateText id="%h4503.0.2" tag="label" remind="ECHO"/>
    </label>
    <toolTip>
      <xlateText id="%h4503.1.2" tag="toolTip" remind="Enable/Disable script echoing"/>
    </toolTip>
    <help>
      <xlateText id="%h4503.4.0" tag="paragraph"
          remind="Turn script echo"/>
    </help>
  </menuButtonSpec>
  <menuButtonSpec id="mF/SPT/CAN" type="execute" command="-CANCEL"
     prefMnemonic="C" bKeepNonCurrent="true">
    <label>
      <xlateText id="%h4503.0.3" tag="label" remind="CAN"/>
    </label>
    <toolTip>
      <xlateText id="%h4503.1.3" tag="toolTip" remind="Cancel a currently running"/>
    </toolTip>
    <help>
      <xlateText id="%h4503.5.0" tag="paragraph"
          remind="Stop a script"/>
    </help>
  </menuButtonSpec>
  <menuButtonSpec id="mF/SPT/EDI" type="execute" command="F/SPT/EDI" 
    attachID="rSPT_EDI" prefMnemonic="D" >
    <label>
      <xlateText id="%h4503.0.4" tag="label" remind="EDI"/>
    </label>
    <toolTip>
      <xlateText id="%h4503.1.4" tag="toolTip" remind="Edit a script"/>
    </toolTip>
    <help>
      <xlateText id="%h4503.6.0" tag="paragraph"
          remind="Edit a script"/>
    </help>
  </menuButtonSpec>
  <menuButtonSpec id="mF/SPT/WRI" type="execute" command="F/SPT/WRI" 
        attachID="rSPT_WRI" prefMnemonic="W" >
    <label>
      <xlateText id="%h4503.0.5" tag="label" remind="WRI"/>
    </label>
    <toolTip>
      <xlateText id="%h4503.1.5" tag="toolTip" remind="Write a ..."/>
    </toolTip>
    <help>
      <xlateText id="%h4503.7.0" tag="paragraph"
          remind="Turn script echo"/>
    </help>
  </menuButtonSpec>
  <menuButtonSpec id="mF/SPT/COP" type="execute" command="F/SPT/COP" 
      attachID="rSPT_COP" prefMnemonic="O" >
    <label>
      <xlateText id="%h4503.0.6" tag="label" remind="COP"/>
    </label>
    <toolTip>
      <xlateText id="%h4503.1.6" tag="toolTip" remind="Copy a script"/>
    </toolTip>
    <help>
      <xlateText id="%h4503.8.0" tag="paragraph"
          remind="Copy a script"/>
    </help>
  </menuButtonSpec>
  <menuSpec id="mF/SPT" type="dropdown">
    <menuButton id="mF/SPT/RUN"/>
    <menuButton id="mF/SPT/LOG"/>
    <menuButton id="mF/SPT/ECHO"/>
    <menuButton id="mF/SPT/CAN"/>
    <menuButton id="mF/SPT/EDI" versionSelector="developer"/>
    <menuButton id="mF/SPT/WRI" versionSelector="developer"/>
    <menuButton id="mF/SPT/COP" versionSelector="developer"/>
  </menuSpec>
  <menuButtonSpec id="mF/PREF/LANG" type="execute" command="F/PREF/LANG" 
                  callback="DragonLanguageCallback" prefMnemonic="L" >
    <label>
      <xlateText id="%h8200.0" tag="label" remind="LANGUAGE"/>
    </label>
    <toolTip>
      <xlateText id="%h8210.0" tag="toolTip" remind="Select language"/>
    </toolTip>
    <help>
      <xlateText id="%h8220.0" tag="paragraph"
          remind="Select language"/>
    </help>
  </menuButtonSpec>
-->
  <menuButtonSpec id="mF/PREF/PATHS" type="execute" command="F/PREF/PATHS" 
     attachID="rPATHS" prefMnemonic="P" >
    <label>
      <xlateText id="%h8200.1" tag="label" remind="PATHS"/>
    </label>
    <toolTip>
      <xlateText id="%h8210.1" tag="toolTip" remind="Set path"/>
    </toolTip>
    <help>
      <xlateText id="%h8230.0" tag="paragraph"
          remind="Select default disk paths"/>
    </help>
  </menuButtonSpec>
  <menuSpec id="mF/PREF" type="dropdown">
<!--    <menuButton id="mF/PREF/LANG" bKeepNonCurrent="true"/> -->
    <menuButton id="mF/PREF/PATHS" bKeepNonCurrent="true"
        versionSelector="professional,academic,developer"/>
  </menuSpec>
  <menuButtonSpec id="mF/SAV" type="execute" command="F/SAV" attachID="rSAV"
     prefMnemonic="S" >
    <label>
      <xlateText id="%h4502.0.0" tag="label" remind="SAV"/>
    </label>
    <toolTip>
      <xlateText id="%h4502.1.0" tag="toolTip" remind="Save current memo"/>
    </toolTip>
    <help>
      <xlateText id="%h4502.2.0" tag="paragraph"
          remind="Create new image file ho"/>
    </help>
  </menuButtonSpec>
  <menuButtonSpec id="mF/SUB" type="execute" command="F/SUB" attachID="rSUB"
    prefMnemonic="U" >
    <label>
      <xlateText id="%h4502.0.1" tag="label" remind="SUB"/>
    </label>
    <toolTip>
      <xlateText id="%h4502.1.1" tag="toolTip" remind="Load subset of im"/>
    </toolTip>
    <help>
      <xlateText id="%h4502.3.0" tag="paragraph"
          remind="Copy rectangular section"/>
    </help>
  </menuButtonSpec>
  <menuButtonSpec id="mF/IMP" type="execute" command="F/IMP" attachID="rIMP"
    prefMnemonic="I" >
    <label>
      <xlateText id="%m7000" tag="label" remind="IMP"/>
    </label>
    <toolTip>
      <xlateText id="%t7000" tag="toolTip" remind="Import images"/>
    </toolTip>
    <help>
      <xlateText id="%q7000" tag="paragraph"
          remind="Import non-Dragon image formats"/>
    </help>
  </menuButtonSpec>
  <menuButtonSpec id="mF/IMP" type="execute" command="F/IMP" attachID="rIMP"
    prefMnemonic="I" >
    <label>
      <xlateText id="%m7000" tag="label" remind="IMP"/>
    </label>
    <toolTip>
      <xlateText id="%t7000" tag="toolTip" remind="Import images and vectors"/>
    </toolTip>
    <help>
      <xlateText id="%q7000" tag="paragraph"
          remind="Import non-Dragon image and vector formats"/>
    </help>
  </menuButtonSpec>

  <menuButtonSpec id="mF/EXP" type="execute" command="F/EXP" attachID="rEXP"
    prefMnemonic="E" >
    <label>
      <xlateText id="%m7100" tag="label" remind="EXP"/>
    </label>
    <toolTip>
      <xlateText id="%t7100" tag="toolTip" remind="Export images"/>
    </toolTip>
    <help>
      <xlateText id="%q7100" tag="paragraph"
          remind="Export results into non-Dragon image formats"/>
    </help>
  </menuButtonSpec>


<!--
  <menuButtonSpec id="mF/DAT" type="submenu" command="F/DAT" attachID="mF/DAT">
    <label>
      <xlateText id="%h4502.0.2" tag="label" remind="DAT"/>
    </label>
    <toolTip>
      <xlateText id="%h4502.1.2" tag="toolTip" remind="Data maintenance "/>
    </toolTip>
    <help>
      <xlateText id="%h4502.5.0" tag="paragraph"
          remind="Copy, rename and delete "/>
    </help>
  </menuButtonSpec>
-->
<!--
  <menuButtonSpec id="mF/SPT" type="submenu" command="F/SPT" attachID="mF/SPT"
     prefMnemonic="C" >
    <label>
      <xlateText id="%h4502.0.3" tag="label" remind="SPT"/>
    </label>
    <toolTip>
      <xlateText id="%h4502.1.3" tag="toolTip" remind="Script and loggin"/>
    </toolTip>
    <help>
      <xlateText id="%h4502.5.0" tag="paragraph"
          remind="Create, edit, and run sc"/>
    </help>
  </menuButtonSpec>
-->
  <menuButtonSpec id="mF/PREF" type="submenu" command="F/PREF" 
     attachID="mF/PREF" prefMnemonic="P" >
    <label>
      <xlateText id="%h4502.0.4" tag="label" remind="PRE"/>
    </label>
    <toolTip>
      <xlateText id="%h4502.1.4" tag="toolTip" remind="Preferences: cust"/>
    </toolTip>
    <help>
      <xlateText id="%h4502.6.0" tag="paragraph"
          remind="Select operating language"/>
    </help>
  </menuButtonSpec>

  <menuButtonSpec id="mF/EXIT" type="execute" command="F/EXIT" 
     prefMnemonic="X" >
    <label>
      <xlateText id="%h4502.0.5" tag="label" remind="EXIT"/>
    </label>
    <toolTip>
      <xlateText id="%h4502.1.5" tag="toolTip" remind="Exit from DRAGON"/>
    </toolTip>
    <help>
      <xlateText id="%h4502.7.0" tag="paragraph"
          remind="Exit from Dragon"/>
    </help>
  </menuButtonSpec>

  <menuSpec id="mF" type="dropdown">
    <menuButton id="mF/SAV"  bKeepNonCurrent="true"
        versionSelector="professional,academic,developer"/>
    <menuButton id="mF/SUB"/>
<!--    <menuButton id="mF/SPT"/> -->
    <menuButton id="mF/PREF"/>
    <menuButton id="mF/IMP" bKeepNonCurrent="true"
        versionSelector="professional,academic,developer"/>
    <menuButton id="mF/EXP" bKeepNonCurrent="true"
        versionSelector="professional,developer"/> 
    <menuButton id="mF/EXIT"/>
  </menuSpec>
  <menuButtonSpec id="mC/UNS/CLU" type="execute" command="C/UNS/CLU" 
    attachID="rCLU" prefMnemonic="C" >
    <label>
      <xlateText id="%h370.0.0" tag="label" remind="CLU"/>
    </label>
    <toolTip>
      <xlateText id="%h370.1.0" tag="toolTip" remind="Clustering method"/>
    </toolTip>
    <help>
      <xlateText id="%h370.2.0" tag="paragraph"
          remind="Iteratively assign all p"/>
    </help>
  </menuButtonSpec>
  <menuButtonSpec id="mC/UNS/SLI" type="execute" command="C/UNS/SLI" 
      attachID="rSLI" prefMnemonic="S" >
    <label>
      <xlateText id="%h370.0.1" tag="label" remind="SLI"/>
    </label>
    <toolTip>
      <xlateText id="%h370.1.1" tag="toolTip" remind="Slice image"/>
    </toolTip>
    <help>
      <xlateText id="%h370.3.0" tag="paragraph"
          remind="Classify by defining equ"/>
    </help>
  </menuButtonSpec>
  <menuButtonSpec id="mC/UNS/AGC" type="execute" command="C/UNS/AGC" 
     attachID="rAGC" prefMnemonic="A" >
    <label>
      <xlateText id="%h370.0.2" tag="label" remind="AGC"/>
    </label>
    <toolTip>
      <xlateText id="%h370.1.2" tag="toolTip" remind="Agroclimatic asse"/>
    </toolTip>
    <help>
      <xlateText id="%h370.6.0" tag="paragraph"
          remind="Combine NOAA AVHRR chann"/>
    </help>
  </menuButtonSpec>
  <menuSpec id="mC/UNS" type="dropdown">
    <menuButton id="mC/UNS/CLU"/>
    <menuButton id="mC/UNS/SLI" bKeepNonCurrent="true"
        versionSelector="professional,academic,demo,developer"/>
    <menuButton id="mC/UNS/AGC" bKeepNonCurrent="true"
        versionSelector="professional,academic,demo,developer"/>
  </menuSpec>
  <menuButtonSpec id="mC/SUP/BOX" type="execute" command="C/SUP/BOX" 
     attachID="rBOX" prefMnemonic="B" >
    <label>
      <xlateText id="%h350.0.0" tag="label" remind="BOX"/>
    </label>
    <toolTip>
      <xlateText id="%h350.1.0" tag="toolTip" remind="Boxcar (parallele"/>
    </toolTip>
    <help>
      <xlateText id="%h350.2.0" tag="paragraph"
          remind="Classify using max and m"/>
    </help>
  </menuButtonSpec>
  <menuButtonSpec id="mC/SUP/MAX" type="execute" command="C/SUP/MAX" 
      attachID="rMAX" prefMnemonic="M" >
    <label>
      <xlateText id="%h350.0.1" tag="label" remind="MAX"/>
    </label>
    <toolTip>
      <xlateText id="%h350.1.1" tag="toolTip" remind="Maximum likelihoo"/>
    </toolTip>
    <help>
      <xlateText id="%h350.3.0" tag="paragraph"
          remind="based on Bayesian probab"/>
    </help>
  </menuButtonSpec>
  <menuButtonSpec id="mC/SUP/MDM" type="execute" command="C/SUP/MDM" 
    attachID="rMDM" prefMnemonic="D" >
    <label>
      <xlateText id="%h350.0.2" tag="label" remind="MDM"/>
    </label>
    <toolTip>
      <xlateText id="%h350.1.2" tag="toolTip" remind="Minimum distance "/>
    </toolTip>
    <help>
      <xlateText id="%h350.4.0" tag="paragraph"
          remind="mean is closest in spect"/>
    </help>
  </menuButtonSpec>
  <menuSpec id="mC/SUP" type="dropdown">
    <menuButton id="mC/SUP/BOX"/>
    <menuButton id="mC/SUP/MAX"/>
    <menuButton id="mC/SUP/MDM"/>
  </menuSpec>
  <menuButtonSpec id="mC/EDI/SHO" type="execute" command="C/EDI/SHO" 
    attachID="rSHO" prefMnemonic="S" >
    <label>
      <xlateText id="%h320.0.0" tag="label" remind="SHO"/>
    </label>
    <toolTip>
      <xlateText id="%h320.1.0" tag="toolTip" remind="Show signature va"/>
    </toolTip>
    <help>
      <xlateText id="%h320.2.0" tag="paragraph"
          remind="Display mean, variance, "/>
    </help>
  </menuButtonSpec>
  <menuButtonSpec id="mC/EDI/MOD" type="execute" command="C/EDI/MOD" 
    attachID="rMOD" prefMnemonic="M" >
    <label>
      <xlateText id="%h320.0.1" tag="label" remind="MOD"/>
    </label>
    <toolTip>
      <xlateText id="%h320.1.1" tag="toolTip" remind="Modify signature"/>
    </toolTip>
    <help>
      <xlateText id="%h320.3.0" tag="paragraph"
          remind="Change upper and lower b"/>
    </help>
  </menuButtonSpec>
  <menuButtonSpec id="mC/EDI/COP" type="execute" command="C/EDI/COP" 
      attachID="qCOPSIG" prefMnemonic="C" >
    <label>
      <xlateText id="%h320.0.2" tag="label" remind="COP"/>
    </label>
    <toolTip>
      <xlateText id="%h320.1.2" tag="toolTip" remind="Copy signature to"/>
    </toolTip>
    <help>
      <xlateText id="%h320.4.0" tag="paragraph"
          remind="Move a signature from se"/>
    </help>
  </menuButtonSpec>
  <menuButtonSpec id="mC/EDI/COM" type="execute" command="C/EDI/COM" 
        attachID="rCOM" prefMnemonic="O" >
    <label>
      <xlateText id="%h320.0.3" tag="label" remind="COM"/>
    </label>
    <toolTip>
      <xlateText id="%h320.1.3" tag="toolTip" remind="Combine two signa"/>
    </toolTip>
    <help>
      <xlateText id="%h320.5.0" tag="paragraph"
          remind="Combine two signatures"/>
    </help>
  </menuButtonSpec>
  <menuButtonSpec id="mC/EDI/REN" type="execute" command="C/EDI/REN" 
    attachID="qRENSIG" prefMnemonic="R" >
    <label>
      <xlateText id="%h320.0.4" tag="label" remind="REN"/>
    </label>
    <toolTip>
      <xlateText id="%h320.1.4" tag="toolTip" remind="Rename signature"/>
    </toolTip>
    <help>
      <xlateText id="%h320.6.0" tag="paragraph"
          remind="Change the label"/>
    </help>
  </menuButtonSpec>
  <menuButtonSpec id="mC/EDI/SAV" type="execute" command="C/EDI/SAV" 
    attachID="qSAVSIG" prefMnemonic="V" >
    <label>
      <xlateText id="%h320.0.5" tag="label" remind="SAV"/>
    </label>
    <toolTip>
      <xlateText id="%h320.1.5" tag="toolTip" remind="Save signatures i"/>
    </toolTip>
    <help>
      <xlateText id="%h320.7.0" tag="paragraph"
          remind="Store current memory signatures"/>
    </help>
  </menuButtonSpec>
  <menuButtonSpec id="mC/EDI/DEL" type="execute" command="C/EDI/DEL" 
    attachID="qDELSIG" prefMnemonic="D" >
    <label>
      <xlateText id="%h320.0.6" tag="label" remind="DEL"/>
    </label>
    <toolTip>
      <xlateText id="%h320.1.6" tag="toolTip" remind="Delete signature"/>
    </toolTip>
    <help>
      <xlateText id="%h320.8.0" tag="paragraph"
          remind="Eliminate a signature"/>
    </help>
  </menuButtonSpec>
  <menuButtonSpec id="mC/EDI/HIS" type="execute" command="C/EDI/HIS" 
     attachID="qHISSIG" prefMnemonic="H" >
    <label>
      <xlateText id="%h320.0.7" tag="label" remind="HIS"/>
    </label>
    <toolTip>
      <xlateText id="%h320.1.7" tag="toolTip" remind="Histograms of sig"/>
    </toolTip>
    <help>
      <xlateText id="%h320.9.0" tag="paragraph"
          remind="Display frequency graphs"/>
    </help>
  </menuButtonSpec>
  <menuSpec id="mC/EDI" type="dropdown">
    <menuButton id="mC/EDI/SHO"/>
    <menuButton id="mC/EDI/MOD"/>
    <menuButton id="mC/EDI/COP"/>
    <menuButton id="mC/EDI/COM"/>
    <menuButton id="mC/EDI/REN"/>
    <menuButton id="mC/EDI/SAV"/>
    <menuButton id="mC/EDI/DEL"/>
    <menuButton id="mC/EDI/HIS"/>
  </menuSpec>
  <menuButtonSpec id="mC/TRA/DEF" type="execute" command="C/TRA/DEF" 
       attachID="rDEF" prefMnemonic="D" >
    <label>
      <xlateText id="%h310.0.0" tag="label" remind="DEF"/>
    </label>
    <toolTip>
      <xlateText id="%h310.1.0" tag="toolTip" remind="Define training a"/>
    </toolTip>
    <help>
      <xlateText id="%h310.2.0" tag="paragraph"
          remind="Select image areas to re"/>
    </help>
  </menuButtonSpec>
  <menuButtonSpec id="mC/TRA/APP" type="execute" command="C/TRA/APP" 
       attachID="rAPP" prefMnemonic="A" >
    <label>
      <xlateText id="%h310.0.1" tag="label" remind="APP"/>
    </label>
    <toolTip>
      <xlateText id="%h310.1.1" tag="toolTip" remind="Apply stored trai"/>
    </toolTip>
    <help>
      <xlateText id="%h310.3.0" tag="paragraph"
          remind="Use previously-selected "/>
    </help>
  </menuButtonSpec>
  <menuButtonSpec id="mC/TRA/AUT" type="execute" command="C/TRA/AUT" 
     attachID="rAUT" prefMnemonic="U" >
    <label>
      <xlateText id="%h310.0.2" tag="label" remind="AUT"/>
    </label>
    <toolTip>
      <xlateText id="%h310.1.2" tag="toolTip" remind="Automatic generat"/>
    </toolTip>
    <help>
      <xlateText id="%h310.4.0" tag="paragraph"
          remind="Use classified image to "/>
    </help>
  </menuButtonSpec>
  <menuSpec id="mC/TRA" type="dropdown">
    <menuButton id="mC/TRA/DEF" bKeepNonCurrent="true"/>
    <menuButton id="mC/TRA/APP"/>
    <menuButton id="mC/TRA/AUT"/>
  </menuSpec>
  <menuButtonSpec id="mC/TRA" type="submenu" command="C/TRA" attachID="mC/TRA"
     prefMnemonic="T" >
    <label>
      <xlateText id="%h360.0.0" tag="label" remind="TRA"/>
    </label>
    <toolTip>
      <xlateText id="%h360.1.0" tag="toolTip" remind="Training signatur"/>
    </toolTip>
    <help>
      <xlateText id="%h360.2.0" tag="paragraph"
          remind="Produce statistical desc"/>
    </help>
  </menuButtonSpec>
  <menuButtonSpec id="mC/LIS" type="execute" command="C/LIS" attachID="qLIS"
    prefMnemonic="L" >
    <label>
      <xlateText id="%h360.0.1" tag="label" remind="LIS"/>
    </label>
    <toolTip>
      <xlateText id="%h360.1.1" tag="toolTip" remind="List signatures i"/>
    </toolTip>
    <help>
      <xlateText id="%h360.3.0" tag="paragraph"
          remind="Show names of category e"/>
    </help>
  </menuButtonSpec>
  <menuButtonSpec id="mC/EDI" type="submenu" command="C/EDI" attachID="mC/EDI"
    prefMnemonic="E" >
    <label>
      <xlateText id="%h360.0.2" tag="label" remind="EDI"/>
    </label>
    <toolTip>
      <xlateText id="%h360.1.2" tag="toolTip" remind="Edit training sig"/>
    </toolTip>
    <help>
      <xlateText id="%h360.4.0" tag="paragraph"
          remind="View, evaluate and modif"/>
    </help>
  </menuButtonSpec>
  <menuButtonSpec id="mC/SUP" type="submenu" command="C/SUP" attachID="mC/SUP"
     prefMnemonic="S" >
    <label>
      <xlateText id="%h360.0.3" tag="label" remind="SUP"/>
    </label>
    <toolTip>
      <xlateText id="%h360.1.3" tag="toolTip" remind="Supervised classi"/>
    </toolTip>
    <help>
      <xlateText id="%h360.5.0" tag="paragraph"
          remind="Use examples to assign i"/>
    </help>
  </menuButtonSpec>
  <menuButtonSpec id="mC/UNS" type="submenu" command="C/UNS" attachID="mC/UNS"
     prefMnemonic="U" >
    <label>
      <xlateText id="%h360.0.4" tag="label" remind="UNS"/>
    </label>
    <toolTip>
      <xlateText id="%h360.1.4" tag="toolTip" remind="Unsupervised clas"/>
    </toolTip>
    <help>
      <xlateText id="%h360.6.0" tag="paragraph"
          remind="Assign pixels to categor"/>
    </help>
  </menuButtonSpec>
  <menuButtonSpec id="mC/REC" type="execute" command="C/REC" attachID="rREC"
     prefMnemonic="R" >
    <label>
      <xlateText id="%h360.0.5" tag="label" remind="REC"/>
    </label>
    <toolTip>
      <xlateText id="%h360.1.5" tag="toolTip" remind="Recode classes"/>
    </toolTip>
    <help>
      <xlateText id="%h360.7.0" tag="paragraph"
          remind="Combine, delete, or re-n"/>
    </help>
  </menuButtonSpec>

  <menuButtonSpec id="mC/ERR" type="execute" command="C/ERR" attachID="rERR"
     prefMnemonic="R" >
    <label>
      <xlateText id="%m5530" tag="label" remind="Error analysis"/>
    </label>
    <toolTip>
      <xlateText id="%t5530" tag="toolTip" remind="Analyze classification errors"/>
    </toolTip>
    <help>
      <xlateText id="%q5530" tag="paragraph"
          remind="Create confusion matrix to analyze classification accuracy and error types."/>
    </help>
  </menuButtonSpec>

  <menuSpec id="mC" type="dropdown">
    <menuButton id="mC/TRA"/>
    <menuButton id="mC/LIS"/>
    <menuButton id="mC/EDI"/>
    <menuButton id="mC/SUP"/>
    <menuButton id="mC/UNS"/>
    <menuButton id="mC/REC"/>
    <menuButton id="mC/ERR"/>
  </menuSpec>
  <menuButtonSpec id="mTOP/D" type="submenu" command="TOP/D" attachID="mD"
     prefMnemonic="D" >
    <label>
      <xlateText id="%h4500.0.0" tag="label" remind="D"/>
    </label>
    <toolTip>
      <xlateText id="%h4500.1.0" tag="toolTip" remind="Display images"/>
    </toolTip>
    <help>
      <xlateText id="%h4500.2.0" tag="paragraph"
          remind="Show image data and desc"/>
    </help>
  </menuButtonSpec>
  <menuButtonSpec id="mTOP/E" type="submenu" command="TOP/E" attachID="mE"
    prefMnemonic="E" >
    <label>
      <xlateText id="%h4500.0.1" tag="label" remind="E"/>
    </label>
    <toolTip>
      <xlateText id="%h4500.1.1" tag="toolTip" remind="Enhance images"/>
    </toolTip>
    <help>
      <xlateText id="%h4500.3.0" tag="paragraph"
          remind="Transform or combine ima"/>
    </help>
  </menuButtonSpec>
  <menuButtonSpec id="mTOP/C" type="submenu" command="TOP/C" attachID="mC"
    prefMnemonic="C" >
    <label>
      <xlateText id="%h4500.0.2" tag="label" remind="C"/>
    </label>
    <toolTip>
      <xlateText id="%h4500.1.2" tag="toolTip" remind="Classify images"/>
    </toolTip>
    <help>
      <xlateText id="%h4500.4.0" tag="paragraph"
          remind="Identify categories in i"/>
    </help>
  </menuButtonSpec>
  <menuButtonSpec id="mTOP/G" type="submenu" command="TOP/G" attachID="mG"
    prefMnemonic="G" >
    <label>
      <xlateText id="%m7300" tag="label" remind="G"/>
    </label>
    <toolTip>
      <xlateText id="%t7300" tag="toolTip" remind="Geographic operations"/>
    </toolTip>
    <help>
      <xlateText id="%t7300" tag="paragraph"
          remind="Geographic operations"/>
    </help>
  </menuButtonSpec>

  <menuButtonSpec id="mTOP/U" type="submenu" command="TOP/U" attachID="mU"
    prefMnemonic="U" >
    <label>
      <xlateText id="%h4500.0.4" tag="label" remind="U"/>
    </label>
    <toolTip>
      <xlateText id="%h4500.1.4" tag="toolTip" remind="Utility operations"/>
    </toolTip>
    <help>
      <xlateText id="%h4500.6.0" tag="paragraph"
          remind="Histograms and scatterpl"/>
    </help>
  </menuButtonSpec>
  <menuButtonSpec id="mTOP/F" type="submenu" command="TOP/F" attachID="mF"
    prefMnemonic="F" >
    <label>
      <xlateText id="%h4500.0.5" tag="label" remind="F"/>
    </label>
    <toolTip>
      <xlateText id="%h4500.1.5" tag="toolTip" remind="File handling operati"/>
    </toolTip>
    <help>
      <xlateText id="%h4500.7.0" tag="paragraph"
          remind="Subset images, save imag"/>
    </help>
  </menuButtonSpec>
  <menuButtonSpec id="mTOP/H" type="submenu" command="TOP/H" attachID="mH"
    prefMnemonic="H" >
    <label>
      <xlateText id="%h4500.0.6" tag="label" remind="Help"/>
    </label>
    <toolTip>
      <xlateText id="%h4500.1.6" tag="toolTip" remind="Information about"/>
    </toolTip>
    <help>
      <xlateText id="%h4500.8.0" tag="paragraph"
          remind="Show info about the program"/>
    </help>
  </menuButtonSpec>

  <menuSpec id="mTOP" type="menubar">
    <menuButton id="mTOP/F"/>
    <menuButton id="mTOP/D"/>
    <menuButton id="mTOP/E"/>
    <menuButton id="mTOP/C"/>
    <menuButton id="mTOP/G"/>
    <menuButton id="mTOP/U"/>
    <menuButton id="mTOP/H"/>
  </menuSpec>
</UI>
