<?xml version="1.0" encoding="UTF-8"?>
<!-- 
   SimpleUi.xml
  
   Very simple XML file using Dragon conventions, for CPE 372
  
-->

<UI>

  <menuButtonSpec id="mF/EXIT" type="execute" command="F/EXIT" 
          attachID="rEXIT" callback="SimpleExitCallback">
    <label>
      <xlateText id="%nnn" tag="label" remind="Exit"/>
    </label>
  </menuButtonSpec>

  <menuSpec id="mFile" type="dropdown">
    <menuButton id="mF/EXIT"/>
  </menuSpec>

  <menuButtonSpec id="mTOP/F" type="submenu" command="TOP/F" attachID="mFile"
    prefMnemonic="F" >
    <label>
      <xlateText id="%nnn" tag="label" remind="File"/>
    </label>
  </menuButtonSpec>

  <menuButtonSpec id="mS/PERS" type="execute" command="S/PERS" 
          attachID="rPERS">
    <label>
      <xlateText id="%nnn" tag="label" remind="Personal Info"/>
    </label>
  </menuButtonSpec>

  <menuButtonSpec id="mS/PREF" type="execute" command="S/PREF" 
          attachID="rPREF">
    <label>
      <xlateText id="%nnn" tag="label" remind="Preferences"/>
    </label>
  </menuButtonSpec>

  <menuSpec id="mSettings" type="dropdown">
    <menuButton id="mS/PERS"/>
    <menuButton id="mS/PREF"/>
  </menuSpec>

  <menuButtonSpec id="mTOP/S" type="submenu" command="TOP/S" attachID="mSettings"
    prefMnemonic="S" >
    <label>
      <xlateText id="%nnn" tag="label" remind="Settings"/>
    </label>
  </menuButtonSpec>

  <menuSpec id="mTOP" type="menubar">
    <menuButton id="mTOP/F"/>
    <menuButton id="mTOP/S"/>
  </menuSpec>

  <controlSpec id="^NAME" type="field" 
	width="50" dataMaxChars="65"	
        pSpecStr="-NAME" placementOpts="nextline" >
    <label>
      <xlateText id="%hnnn" tag="controlLabel" remind="First and last name "/>
    </label>
  </controlSpec>

   <controlSpec id="^AGE" type="field" 
	width="10" dataMaxChars="10" validator="IntegerValidator"
        pSpecStr="-AGE" placementOpts="nextline" >
    <label>
      <xlateText id="%hnnn" tag="controlLabel" remind="Age"/>
    </label>
  </controlSpec>

  <controlSpec id="^GENDER"  type="radioPanel" defaultCategory="index"
	defaultIndex="0" 
	pSpecStr="-GENDER" dataType="flag" dataRange="MFO" width="10" 
	placementOpts="nextline" >
    <label>
      <xlateText id="%hxxxx" tag="controlLabel" remind="Gender"/>
    </label>
    <choices>
      <xlateText id="%h1xxx" tag="listItem" remind="Male"/>
      <xlateText id="%h1xxx" tag="listItem" remind="Female"/>
      <xlateText id="%h1xxx" tag="listItem" remind="Other"/>
    </choices>
  </controlSpec>

  <panelSpec id="rPERS"  type="topLevel"  command="PERS" >
    <title>
      <xlateText id="%habcd" tag="panelTitle" remind="PERSONAL DETAILS"/>
    </title>
    <control id="^NAME"/>
    <control id="^AGE"/>
    <control id="^GENDER"/>
  </panelSpec>

   <controlSpec id="^COLOR" type="fixedCombo" defaultCategory="index"
	defaultIndex="0" pSpecStr="-COLOR" dataType="flag" 
        dataRange="NBRGYVPO" 
	width="18" 
	displayOpts="horizontal" placementOpts="nextline" >
    <label>
      <xlateText id="%habsss" tag="controlLabel" remind="Favorite Color"/>
    </label>
    <choices>
      <xlateText id="%hxyz" tag="listItem" remind="None"/>
      <xlateText id="%hxyz" tag="listItem" remind="Blue"/>
      <xlateText id="%hxyz" tag="listItem" remind="Red"/>
      <xlateText id="%xyz" tag="listItem" remind="Green"/>
      <xlateText id="%xyz" tag="listItem" remind="Yellow"/>
      <xlateText id="%xyz" tag="listItem" remind="Violet"/>
      <xlateText id="%xyz" tag="listItem" remind="Pink"/>
      <xlateText id="%xyz" tag="listItem" remind="Orange"/>
    </choices>
  </controlSpec>
 
  <controlSpec id="^PET" type="field" 
	width="50" dataMaxChars="65"	
        pSpecStr="-PET" placementOpts="nextline" >
    <label>
      <xlateText id="%hnnn" tag="controlLabel" remind="Favorite Pet Animal"/>
    </label>
  </controlSpec>

  <panelSpec id="rPREF"  type="topLevel"  command="PREF" >
    <title>
      <xlateText id="%habcd" tag="panelTitle" remind="PREFERENCES"/>
    </title>
    <control id="^COLOR"/>
    <control id="^PET"/>
  </panelSpec>

</UI>
